source,target,group_membership
103,180,1
93,15,1
107,72,1
189,21,0
103,122,1
75,88,0
117,100,0
104,152,1
131,150,1
53,2,0
88,158,0
38,130,0
192,188,0
21,161,1
58,22,0
89,49,1
59,170,0
188,15,0
175,190,1
51,108,0
55,64,0
131,51,1
135,21,0
73,167,0
18,132,1
89,60,1
14,9,0
90,53,1
130,84,1
92,111,1
188,199,0
172,8,0
175,35,1
81,164,0
50,104,1
132,2,0
134,54,0
106,4,1
54,191,1
146,44,0
162,190,0
14,95,0
48,15,0
200,190,0
40,82,0
111,53,1
24,154,1
188,124,0
41,157,0
15,45,1
65,89,0
71,9,1
88,129,0
136,63,0
139,81,0
136,163,0
163,33,1
123,5,1
41,28,0
135,72,0
12,162,0
33,48,1
151,62,0
37,99,1
172,104,0
35,193,1
101,175,0
131,1,1
5,142,0
103,27,1
137,15,0
90,42,1
124,179,0
63,96,0
52,96,1
132,151,0
143,171,1
29,36,1
13,160,0
71,187,1
86,28,0
66,170,1
45,62,1
185,134,0
108,44,1
84,30,1
190,75,1
128,92,0
190,129,1
121,27,1
190,121,1
116,3,1
103,198,1
200,155,0
137,62,0
165,51,1
172,152,0
59,118,0
160,96,1
180,113,0
62,186,0
52,12,1
39,130,0
131,113,1
101,113,0
184,81,0
187,113,1
2,130,1
54,87,1
129,147,1
126,130,1
53,172,0
160,198,1
160,68,1
183,184,1
123,145,1
38,24,0
69,116,1
98,198,1
139,144,0
97,124,1
187,70,1
93,3,1
148,187,0
164,147,1
90,195,1
147,148,0
96,199,1
52,161,1
168,128,0
39,82,0
104,129,1
11,185,0
178,151,0
159,42,0
99,7,1
144,90,1
112,60,0
113,2,1
129,48,1
140,197,0
37,160,1
9,99,0
147,48,0
131,148,1
152,54,0
120,161,0
152,116,0
75,113,0
200,164,0
166,104,0
84,112,1
99,153,1
93,146,1
128,110,0
82,194,1
54,163,1
189,169,0
161,68,0
33,142,1
21,48,1
148,128,0
136,135,0
195,145,0
128,33,0
176,187,1
115,119,0
22,158,0
38,109,0
51,182,0
8,27,0
27,21,1
30,97,1
28,111,1
192,197,0
61,48,0
147,4,0
35,192,1
49,17,1
172,158,0
46,117,1
6,99,1
124,37,0
24,93,1
46,181,1
95,99,1
188,116,0
191,160,0
161,67,0
128,18,0
25,54,1
58,67,0
104,174,1
24,114,1
32,175,0
86,151,0
194,127,0
155,130,0
17,104,1
161,137,0
43,176,1
39,170,0
26,99,1
50,153,1
152,13,0
60,135,0
57,36,1
173,20,0
65,8,0
144,142,1
115,143,0
92,98,1
66,32,1
191,86,0
51,153,0
186,63,0
190,125,1
150,58,1
58,86,0
49,180,1
170,70,1
15,54,1
188,101,0
8,53,0
60,108,0
5,103,0
196,6,1
109,116,1
94,47,1
99,55,1
168,52,0
144,13,1
114,124,1
106,158,1
147,145,0
120,63,0
19,92,1
58,183,0
90,117,1
62,23,0
127,137,1
140,129,0
58,122,0
1,34,0
96,126,1
118,48,1
89,117,1
129,16,1
189,192,0
191,69,0
22,93,0
195,76,0
154,144,0
179,86,0
185,29,0
69,47,1
94,190,1
197,144,1
176,85,1
39,100,0
33,101,1
23,10,1
69,100,1
34,180,1
138,147,0
186,96,0
1,69,0
4,16,0
24,80,1
2,128,1
160,84,1
152,140,0
178,163,0
124,33,0
161,189,0
179,171,0
101,12,0
67,65,1
161,168,0
74,43,1
44,29,1
141,12,1
95,46,1
130,35,1
81,90,0
8,93,0
154,90,0
162,115,0
105,135,1
196,58,1
114,75,1
157,120,0
164,21,1
164,138,1
101,152,0
192,177,0
99,36,1
96,152,1
151,190,0
37,12,1
113,183,1
13,23,0
99,105,1
30,17,1
113,62,1
86,141,0
187,19,1
177,100,0
140,189,0
147,76,0
9,199,0
28,128,1
52,83,1
111,144,1
117,69,0
99,140,1
25,180,1
123,53,1
151,144,0
57,39,1
109,181,1
42,186,0
167,142,1
122,133,0
163,75,1
146,76,0
9,74,0
186,145,0
7,174,0
141,168,1
170,137,1
178,27,0
122,194,0
5,29,0
165,166,1
83,136,0
109,65,1
86,145,0
71,45,1
132,36,0
70,159,1
19,189,1
108,182,1
167,91,1
90,19,1
39,126,0
195,173,0
141,126,1
58,148,0
200,61,0
127,105,1
167,1,1
131,92,1
190,191,1
113,153,1
56,161,1
166,117,0
134,58,0
44,173,1
160,173,1
61,47,0
149,80,0
118,164,1
147,20,0
185,146,0
47,49,1
14,143,0
159,1,0
117,54,0
118,3,1
144,185,1
12,74,0
16,200,0
102,152,1
156,117,1
8,122,0
92,164,1
90,136,1
186,60,0
178,28,0
101,41,0
192,155,0
191,145,0
161,157,0
141,46,1
35,134,1
82,115,1
197,47,1
153,194,0
10,56,1
30,109,1
5,119,0
33,118,1
65,146,0
177,11,0
85,26,0
63,86,0
59,27,0
177,161,0
98,105,1
99,129,1
149,55,0
6,197,1
95,133,1
102,3,1
181,23,0
53,165,0
83,145,0
85,78,0
110,1,0
51,173,0
4,190,0
193,113,0
32,34,0
92,95,1
72,39,1
154,162,0
182,118,0
3,123,0
50,12,1
193,54,0
133,57,0
145,112,1
47,151,1
85,142,0
66,75,1
179,103,0
166,192,0
38,50,0
98,82,1
30,79,1
91,179,1
191,52,0
166,79,0
30,106,1
51,81,0
133,29,0
132,138,0
184,145,0
74,17,1
84,69,1
34,6,1
53,194,0
126,43,1
115,111,0
151,183,0
80,95,1
118,144,1
8,132,0
104,132,1
184,25,0
195,96,0
195,155,0
93,160,1
178,61,0
122,51,0
147,21,0
5,92,0
170,61,1
22,149,0
70,1,1
133,12,0
90,46,1
34,177,1
78,45,1
155,73,0
26,47,1
121,56,1
94,107,1
63,48,0
61,81,0
26,36,1
1,8,0
113,99,1
180,47,0
127,56,1
14,28,0
78,130,1
109,154,1
14,187,0
56,115,1
7,3,0
111,151,1
107,18,1
38,115,0
15,192,1
119,28,1
39,185,0
17,86,1
126,44,1
25,145,1
13,25,0
68,138,0
67,109,1
146,111,0
111,34,1
111,8,1
168,113,0
83,42,0
169,101,0
6,180,1
26,64,1
187,184,1
59,109,0
198,121,1
33,181,1
150,21,1
198,70,1
112,4,0
94,75,1
190,62,1
94,95,1
152,55,0
137,131,0
31,40,0
36,152,0
6,66,1
75,4,0
79,134,0
118,113,1
94,179,1
62,185,0
194,79,0
136,26,0
179,173,0
44,133,1
70,154,1
118,68,1
19,20,1
113,140,1
47,1,1
90,142,1
64,38,0
37,126,1
139,100,0
77,3,1
161,134,0
178,10,0
5,151,0
138,172,0
130,13,1
168,130,0
84,65,1
63,101,0
73,17,0
9,143,0
152,38,0
163,94,1
95,49,1
69,62,1
188,178,0
78,117,1
120,137,0
162,76,0
35,1,1
40,64,0
150,60,1
64,93,0
72,11,1
105,14,1
60,30,0
35,165,1
5,83,0
123,78,1
154,62,0
132,89,0
42,89,0
146,40,0
104,14,1
32,179,0
125,166,0
97,23,1
63,143,0
153,145,0
179,39,0
179,198,0
134,67,0
135,179,0
200,42,0
111,157,1
33,155,1
164,157,1
38,185,0
97,155,1
183,33,1
196,86,1
66,10,1
74,97,1
118,38,1
141,159,1
47,109,1
180,184,0
15,157,1
136,5,0
157,47,0
68,76,0
173,130,0
155,95,0
115,164,0
43,27,1
69,148,1
11,74,0
104,38,1
134,200,0
23,47,1
107,140,1
141,104,1
190,111,1
104,60,1
171,100,1
68,133,0
120,37,0
72,127,1
106,92,1
31,122,0
137,51,0
29,40,1
41,11,0
151,1,0
46,101,1
149,90,0
110,164,0
182,57,0
1,63,0
182,55,0
115,168,0
143,149,1
175,53,1
137,180,0
57,117,1
154,169,0
35,63,1
25,90,1
75,38,0
130,135,1
162,91,0
17,128,1
171,187,1
108,179,1
182,152,0
25,199,1
180,198,0
88,161,0
177,29,0
63,150,0
154,156,0
114,49,1
199,81,0
84,105,1
177,148,0
118,86,1
63,189,0
104,49,1
71,1,1
141,179,1
123,184,1
62,32,0
158,29,1
49,173,1
30,144,1
168,19,0
18,1,1
78,115,1
175,194,1
113,114,1
166,179,0
63,132,0
129,8,1
157,55,0
103,131,1
32,10,0
110,162,0
124,87,0
55,32,0
178,135,0
65,57,0
67,187,1
72,54,1
67,51,1
97,92,1
8,162,0
35,96,1
88,78,0
32,120,0
46,144,1
196,165,1
182,142,0
55,176,0
7,74,0
7,161,0
151,85,0
147,112,0
125,147,0
188,82,0
2,129,1
148,11,0
130,195,1
119,140,1
20,5,0
37,166,1
137,53,0
172,99,0
86,108,0
24,81,1
158,120,1
59,128,0
114,115,1
40,194,0
25,103,1
22,4,0
154,186,0
29,109,1
98,37,1
75,70,0
146,128,0
85,42,0
100,41,0
166,34,0
17,165,1
153,122,0
76,87,1
117,106,0
86,27,0
57,31,1
134,168,0
98,12,1
53,199,0
138,173,0
145,154,1
190,122,1
46,64,1
130,54,1
107,193,1
51,181,0
36,115,0
26,29,1
149,11,0
40,11,0
164,113,1
187,39,1
54,98,1
55,111,0
152,150,0
69,56,1
33,36,1
148,81,0
190,109,1
154,194,0
73,40,0
17,129,1
61,171,0
104,42,1
25,39,1
35,131,1
108,172,1
179,102,0
19,101,1
44,187,1
49,189,1
57,55,1
47,12,1
62,80,0
83,8,0
149,81,0
118,198,1
200,25,0
89,12,1
143,59,1
16,199,0
145,151,1
26,86,1
135,14,0
79,117,0
7,137,0
115,176,0
72,59,1
82,116,1
167,146,1
187,103,1
17,14,1
159,152,0
108,188,1
45,98,1
131,37,1
171,168,1
183,108,1
39,15,0
120,4,0
93,153,1
141,161,1
16,170,0
108,126,1
194,55,0
170,34,1
158,13,1
141,18,1
123,39,1
46,29,1
185,16,0
184,121,0
10,158,1
153,103,0
84,133,1
65,177,0
3,173,0
142,120,0
158,68,1
146,190,0
37,153,1
176,193,1
181,73,0
143,49,1
121,88,1
196,140,1
187,37,1
124,198,0
39,184,0
63,46,0
88,11,0
62,77,0
153,199,0
52,4,1
148,93,0
63,54,0
117,110,0
74,107,1
57,169,1
3,120,0
6,5,1
5,54,0
47,177,1
20,122,0
61,123,0
82,62,1
145,3,1
120,125,0
89,73,1
68,142,0
101,98,0
11,105,0
184,67,0
123,29,1
137,195,0
153,76,0
170,9,1
40,25,0
5,139,0
187,124,1
38,72,0
133,176,0
90,146,1
198,37,1
60,176,0
28,197,1
81,114,0
40,45,0
62,93,0
115,186,0
67,56,1
40,98,0
40,91,0
33,6,1
147,80,0
168,92,0
97,59,1
59,48,0
169,13,0
107,45,1
89,181,1
170,100,1
191,155,0
166,188,0
7,133,0
45,58,1
31,23,0
170,138,1
160,107,1
181,158,0
39,159,0
82,100,1
2,77,1
12,39,0
194,13,0
46,155,1
113,17,1
104,98,1
88,109,0
163,70,1
158,199,1
74,63,1
156,60,1
79,37,0
22,196,0
148,96,0
68,192,0
17,12,1
150,145,1
138,118,0
193,22,0
120,50,0
14,192,0
175,29,1
164,180,1
125,7,0
29,139,1
33,134,1
111,79,1
160,179,1
58,26,0
174,29,1
4,99,0
141,39,1
15,119,1
29,157,1
75,116,0
32,130,0
175,84,1
22,27,0
195,81,0
126,184,1
92,21,1
47,101,1
187,84,1
6,147,1
185,197,0
58,124,0
166,15,0
162,189,0
163,64,1
25,24,1
12,18,0
15,27,1
72,60,1
174,145,1
93,53,1
8,79,0
27,174,1
50,199,1
131,93,1
192,172,0
181,24,0
60,122,0
46,15,1
17,126,1
84,9,1
166,176,0
188,63,0
117,130,0
88,72,0
139,64,0
72,21,1
18,64,1
82,110,1
95,166,1
32,11,0
45,33,1
102,169,1
136,11,0
179,88,0
41,145,0
76,121,1
46,160,1
80,54,1
86,92,0
148,161,0
168,160,0
97,2,1
33,158,1
161,77,0
116,154,1
150,103,1
194,166,0
103,90,1
174,122,1
143,106,1
119,172,1
61,195,0
123,134,1
9,6,0
73,103,0
160,41,1
114,8,1
72,178,1
92,62,1
84,62,1
111,127,1
7,84,0
132,134,0
154,127,0
3,127,0
41,188,0
106,14,1
12,87,0
25,45,1
122,147,0
55,100,0
173,136,0
119,53,1
183,32,1
51,44,0
