,Unnamed: 0,artist,album_name,track,release_date,danceability,energy,key,loudness,mode,speechiness,acousticness,instrumentalness,liveness,valence,tempo,duration_ms,time_signature,popularity
88,88,Green Day,No Fun Mondays,I Think We're Alone Now,2020-11-27,0.594,0.636,9,-6.306,1,0.0323,0.0363,0.0,0.0908,0.676,131.982,134672,4,49.0
89,89,Green Day,No Fun Mondays,War Stories,2020-11-27,0.333,0.967,4,-4.409,1,0.0855,0.00166,0.0,0.0941,0.491,167.868,161802,4,33.0
90,90,Green Day,No Fun Mondays,Manic Monday,2020-11-27,0.543,0.912,9,-3.573,1,0.0362,0.00291,0.0,0.345,0.901,121.975,186944,4,38.0
91,91,Green Day,No Fun Mondays,Corpus Christi,2020-11-27,0.385,0.956,2,-4.736,1,0.0485,0.000484,0.0,0.387,0.433,145.06,204117,4,28.0
92,92,Green Day,No Fun Mondays,That Thing You Do!,2020-11-27,0.457,0.942,2,-4.173,1,0.0662,0.000333,0.0,0.153,0.595,134.998,168600,4,35.0
93,93,Green Day,No Fun Mondays,Amico,2020-11-27,0.453,0.919,5,-4.454,1,0.0776,0.00243,0.0,0.371,0.64,150.228,147991,4,30.0
94,94,Green Day,No Fun Mondays,You Can't Put Your Arms Round a Memory,2020-11-27,0.504,0.892,2,-5.45,1,0.0424,0.002,2.13e-06,0.0913,0.487,121.801,211285,4,28.0
95,95,Green Day,No Fun Mondays,Kids in America,2020-11-27,0.488,0.815,6,-5.432,0,0.0532,0.000529,0.0,0.117,0.606,161.047,188758,4,42.0
96,96,Green Day,No Fun Mondays,Not That Way Anymore,2020-11-27,0.228,0.977,9,-4.055,1,0.146,0.000193,0.0,0.0961,0.563,152.903,172722,4,27.0
97,97,Green Day,No Fun Mondays,That's Rock 'n' Roll,2020-11-27,0.625,0.928,8,-5.293,1,0.0614,0.00787,0.0,0.426,0.94,130.151,179435,4,34.0
98,98,Green Day,No Fun Mondays,Gimme Some Truth,2020-11-27,0.443,0.901,4,-6.886,1,0.131,9.15e-05,9.94e-06,0.0485,0.594,158.555,168371,4,27.0
99,99,Green Day,No Fun Mondays,Whole Wide World,2020-11-27,0.592,0.757,4,-7.386,1,0.0757,0.026,0.0,0.0677,0.372,113.399,198656,4,32.0
100,100,Green Day,No Fun Mondays,Police on My Back,2020-11-27,0.525,0.878,1,-6.641,1,0.0833,0.00115,0.0,0.0974,0.551,147.016,191140,4,30.0
101,101,Green Day,No Fun Mondays,A New England,2020-11-27,0.515,0.892,5,-6.671,1,0.0373,0.0128,0.0,0.151,0.966,165.024,129266,4,35.0
102,102,Green Day,Father of All...,Father of All...,2020-02-07,0.462,0.912,11,-4.07,0,0.226,0.000138,0.0,0.0357,0.722,163.937,151363,4,51.0
103,103,Green Day,Father of All...,"Fire, Ready, Aim",2020-02-07,0.448,0.925,11,-3.839,1,0.045,3.22e-05,0.0,0.392,0.917,156.053,112940,4,45.0
104,104,Green Day,Father of All...,Oh Yeah!,2020-02-07,0.623,0.792,11,-6.37,1,0.0664,7e-05,0.00467,0.159,0.584,127.041,171161,4,43.0
105,105,Green Day,Father of All...,Meet Me on the Roof,2020-02-07,0.409,0.948,1,-5.908,0,0.115,2.87e-05,0.0,0.741,0.839,171.132,159608,4,43.0
106,106,Green Day,Father of All...,I Was a Teenage Teenager,2020-02-07,0.549,0.692,1,-6.292,1,0.0301,0.000192,0.00388,0.0938,0.751,114.614,224568,4,38.0
107,107,Green Day,Father of All...,Stab You in the Heart,2020-02-07,0.47,0.986,2,-5.143,1,0.11,8.53e-05,2.98e-06,0.262,0.413,150.127,130318,4,39.0
108,108,Green Day,Father of All...,Sugar Youth,2020-02-07,0.366,0.947,9,-5.747,1,0.0599,5.25e-06,0.0359,0.337,0.95,177.98,114331,4,42.0
109,109,Green Day,Father of All...,Junkies on a High,2020-02-07,0.49,0.736,2,-6.016,1,0.0278,0.00329,0.00683,0.225,0.722,155.923,186126,4,38.0
110,110,Green Day,Father of All...,Take the Money and Crawl,2020-02-07,0.356,0.883,6,-6.303,0,0.111,0.000727,0.0,0.369,0.377,148.138,128944,4,40.0
111,111,Green Day,Father of All...,Graffitia,2020-02-07,0.655,0.795,5,-6.673,0,0.0547,0.0143,0.0,0.297,0.364,130.968,197601,4,39.0
112,112,Green Day,Revolution Radio,Somewhere Now,2016-10-07,0.463,0.892,2,-4.982,1,0.053,0.00138,2.61e-06,0.164,0.335,117.404,249360,4,40.0
113,113,Green Day,Revolution Radio,Bang Bang,2016-10-07,0.499,0.958,9,-5.417,1,0.0898,0.000326,2.19e-06,0.432,0.359,127.491,205440,4,56.0
114,114,Green Day,Revolution Radio,Revolution Radio,2016-10-07,0.419,0.971,7,-3.622,1,0.0909,4.63e-05,1.43e-05,0.171,0.677,180.033,180853,4,55.0
115,115,Green Day,Revolution Radio,Say Goodbye,2016-10-07,0.467,0.946,1,-3.995,1,0.0482,0.000216,0.00926,0.412,0.789,129.89,219347,4,43.0
116,116,Green Day,Revolution Radio,Outlaws,2016-10-07,0.274,0.717,5,-5.435,1,0.0382,0.0111,0.0,0.123,0.0931,185.17,302333,4,42.0
117,117,Green Day,Revolution Radio,Bouncing off the Wall,2016-10-07,0.518,0.944,4,-4.602,1,0.055,0.000495,3.05e-05,0.426,0.678,128.994,159587,4,40.0
118,118,Green Day,Revolution Radio,Still Breathing,2016-10-07,0.54,0.902,1,-3.577,1,0.0442,0.0142,0.0,0.0756,0.692,75.033,224760,4,59.0
119,119,Green Day,Revolution Radio,Youngblood,2016-10-07,0.522,0.963,1,-3.31,1,0.0528,0.00104,0.0,0.149,0.782,136.515,152760,4,44.0
120,120,Green Day,Revolution Radio,Too Dumb to Die,2016-10-07,0.412,0.965,9,-4.206,1,0.0654,0.000276,2.25e-06,0.408,0.612,167.049,203573,4,50.0
121,121,Green Day,Revolution Radio,Troubled Times,2016-10-07,0.572,0.883,0,-3.74,1,0.0392,0.000893,0.0,0.102,0.469,117.915,184813,4,44.0
122,122,Green Day,Revolution Radio,Forever Now,2016-10-07,0.277,0.96,2,-3.476,1,0.0727,0.000239,3.11e-06,0.363,0.632,114.132,412347,4,42.0
123,123,Green Day,Revolution Radio,Ordinary World,2016-10-07,0.412,0.226,7,-12.377,1,0.0323,0.895,7.74e-05,0.0871,0.524,168.139,182893,4,50.0
124,124,Green Day,Demolicious,99 Revolutions - Demo,2014-04-19,0.253,0.945,0,-4.254,1,0.314,3.24e-05,0.00192,0.0709,0.386,172.044,246000,4,28.0
125,125,Green Day,Demolicious,Angel Blue - Demo,2014-04-19,0.34,0.924,11,-4.603,1,0.19,2.32e-05,0.169,0.0774,0.493,91.042,175000,4,26.0
126,126,Green Day,Demolicious,Carpe Diem - Demo,2014-04-19,0.385,0.942,1,-4.62,1,0.163,0.000254,2.92e-06,0.699,0.55,135.429,219000,4,26.0
127,127,Green Day,Demolicious,State of Shock - Demo,2014-04-19,0.453,0.938,2,-5.463,1,0.0404,0.115,1.69e-05,0.316,0.645,86.972,147627,4,26.0
128,128,Green Day,Demolicious,Let Yourself Go - Demo,2014-04-19,0.448,0.975,2,-4.586,1,0.0474,0.164,0.0,0.757,0.64,100.975,179800,4,27.0
129,129,Green Day,Demolicious,"Sex, Drugs & Violence - Demo",2014-04-19,0.26,0.979,4,-4.535,1,0.269,2.46e-05,0.00217,0.278,0.566,178.104,205320,4,26.0
130,130,Green Day,Demolicious,Ashley - Demo,2014-04-19,0.369,0.952,4,-4.875,0,0.044,0.0845,2.56e-06,0.247,0.594,93.695,167053,4,23.0
131,131,Green Day,Demolicious,Fell for You - Demo,2014-04-19,0.432,0.851,9,-5.623,1,0.0399,0.0659,6.75e-05,0.11,0.752,143.92,192200,4,24.0
132,132,Green Day,Demolicious,Stay the Night - Demo,2014-04-19,0.161,0.924,2,-6.363,1,0.0604,0.0683,1.9e-06,0.0739,0.505,83.112,280427,4,28.0
133,133,Green Day,Demolicious,Nuclear Family - Demo,2014-04-19,0.372,0.951,4,-4.461,1,0.293,4.28e-05,0.0771,0.774,0.523,90.477,183147,4,26.0
134,134,Green Day,Demolicious,Stray Heart - Demo,2014-04-19,0.53,0.875,4,-6.861,1,0.041,0.116,2.62e-06,0.843,0.551,103.944,230427,4,29.0
135,135,Green Day,Demolicious,Rusty James - Demo,2014-04-19,0.326,0.952,4,-4.716,1,0.153,8.07e-06,0.0391,0.0714,0.52,84.249,254547,4,24.0
136,136,Green Day,Demolicious,A Little Boy Named Train - Demo,2014-04-19,0.409,0.938,6,-4.919,1,0.149,0.000574,0.0233,0.341,0.509,135.429,237453,4,23.0
137,137,Green Day,Demolicious,Baby Eyes - Demo,2014-04-19,0.238,0.951,11,-4.655,1,0.272,1.49e-05,0.0982,0.129,0.458,179.323,135000,4,24.0
138,138,Green Day,Demolicious,Makeout Party - Demo,2014-04-19,0.337,0.935,7,-4.632,1,0.0922,0.0288,0.00016,0.125,0.471,98.056,192000,4,23.0
139,139,Green Day,Demolicious,Oh Love - Demo,2014-04-19,0.358,0.699,8,-5.838,1,0.0414,0.287,1.73e-05,0.0864,0.439,83.958,313000,4,26.0
140,140,Green Day,Demolicious,Missing You - Demo,2014-04-19,0.25,0.951,9,-4.62,1,0.228,9.33e-05,0.00128,0.297,0.36,171.82,221000,4,25.0
141,141,Green Day,Demolicious,Stay the Night - Acoustic,2014-04-19,0.599,0.0674,8,-19.786,1,0.0451,0.976,1.58e-06,0.254,0.427,148.588,189000,4,28.0
142,142,Green Day,¡TRÉ!,Brutal Love,2012-12-11,0.367,0.77,8,-5.095,1,0.0273,0.025,3.8e-06,0.0722,0.316,93.05,294747,3,41.0
143,143,Green Day,¡TRÉ!,Missing You,2012-12-11,0.485,0.94,9,-4.067,1,0.0423,0.00296,0.000175,0.134,0.815,164.873,223693,4,39.0
144,144,Green Day,¡TRÉ!,8th Avenue Serenade,2012-12-11,0.457,0.972,2,-3.241,1,0.0568,0.000313,0.000157,0.337,0.718,170.929,156653,4,33.0
145,145,Green Day,¡TRÉ!,Drama Queen,2012-12-11,0.657,0.633,0,-5.508,1,0.0259,0.0491,0.0,0.103,0.347,109.008,187533,4,34.0
146,146,Green Day,¡TRÉ!,X-Kid,2012-12-11,0.574,0.874,4,-3.739,1,0.0874,0.00358,4.04e-06,0.098,0.799,134.963,221720,4,42.0
147,147,Green Day,¡TRÉ!,"Sex, Drugs & Violence",2012-12-11,0.475,0.99,4,-3.497,1,0.0709,0.000554,5.97e-05,0.0985,0.837,171.023,211947,4,35.0
148,148,Green Day,¡TRÉ!,A Little Boy Named Train,2012-12-11,0.524,0.952,6,-4.114,1,0.0376,0.000697,0.00106,0.322,0.753,143.997,217267,4,31.0
149,149,Green Day,¡TRÉ!,Amanda,2012-12-11,0.458,0.952,11,-4.146,1,0.0553,0.000197,3.12e-05,0.351,0.563,159.901,148067,4,49.0
150,150,Green Day,¡TRÉ!,Walk Away,2012-12-11,0.45,0.941,2,-4.084,1,0.0412,0.00288,1.82e-06,0.365,0.613,122.769,225893,4,51.0
151,151,Green Day,¡TRÉ!,Dirty Rotten Bastards,2012-12-11,0.288,0.984,0,-3.375,1,0.0709,0.000307,5.96e-05,0.35,0.702,141.999,386360,4,36.0
152,152,Green Day,¡TRÉ!,99 Revolutions,2012-12-11,0.475,0.949,0,-3.431,1,0.0859,0.00041,0.0,0.0646,0.669,172.035,229893,4,41.0
153,153,Green Day,¡TRÉ!,The Forgotten,2012-12-11,0.534,0.425,9,-5.917,1,0.0272,0.128,0.0,0.14,0.0742,132.041,298733,4,42.0
154,154,Green Day,¡DOS!,See You Tonight,2012-11-13,0.375,0.561,9,-9.756,1,0.0409,0.896,0.561,0.437,0.438,95.477,66800,4,56.0
155,155,Green Day,¡DOS!,Fuck Time,2012-11-13,0.625,0.892,11,-3.194,0,0.0606,0.000702,0.0868,0.127,0.45,131.982,165773,4,37.0
156,156,Green Day,¡DOS!,Stop When the Red Lights Flash,2012-11-13,0.548,0.945,9,-3.259,1,0.0472,8.46e-05,0.00237,0.172,0.764,134.057,146493,4,37.0
157,157,Green Day,¡DOS!,Lazy Bones,2012-11-13,0.543,0.924,1,-3.286,0,0.0722,0.000432,6.29e-06,0.0545,0.836,167.011,214480,4,41.0
158,158,Green Day,¡DOS!,Wild One,2012-11-13,0.541,0.914,2,-2.956,1,0.0286,0.000473,0.00329,0.0679,0.529,99.994,259680,4,40.0
159,159,Green Day,¡DOS!,Makeout Party,2012-11-13,0.297,0.953,2,-3.164,1,0.0952,0.000378,1.73e-05,0.204,0.532,193.236,194093,4,32.0
160,160,Green Day,¡DOS!,Stray Heart,2012-11-13,0.628,0.943,1,-3.914,0,0.0402,0.000504,0.000237,0.152,0.743,104.041,224947,4,54.0
161,161,Green Day,¡DOS!,Ashley,2012-11-13,0.437,0.97,2,-2.938,1,0.131,0.000172,0.0,0.504,0.591,188.964,170333,4,41.0
162,162,Green Day,¡DOS!,Baby Eyes,2012-11-13,0.441,0.976,11,-3.581,1,0.084,0.000119,2.77e-06,0.263,0.689,178.011,142240,4,34.0
163,163,Green Day,¡DOS!,Lady Cobra,2012-11-13,0.496,0.977,4,-2.997,1,0.0578,8.03e-05,0.00253,0.332,0.83,88.0,125720,4,31.0
164,164,Green Day,¡DOS!,Nightlife,2012-11-13,0.69,0.835,2,-4.875,1,0.0359,0.000689,0.0,0.24,0.715,95.001,184987,4,34.0
165,165,Green Day,¡DOS!,Wow! That's Loud,2012-11-13,0.465,0.956,11,-4.157,1,0.0517,0.000538,0.000303,0.177,0.3,103.968,267573,4,32.0
166,166,Green Day,¡DOS!,Amy,2012-11-13,0.776,0.317,6,-8.221,1,0.0362,0.849,0.0,0.13,0.446,121.978,205107,4,58.0
167,167,Green Day,¡DOS!,See You Tonight,2012-11-12,0.375,0.561,9,-9.756,1,0.0409,0.896,0.561,0.437,0.438,95.477,66800,4,56.0
168,168,Green Day,¡DOS!,Fuck Time,2012-11-12,0.621,0.892,11,-3.194,0,0.0594,0.000661,0.0805,0.13,0.472,131.972,165773,4,37.0
169,169,Green Day,¡DOS!,Stop When the Red Lights Flash,2012-11-12,0.548,0.945,9,-3.259,1,0.0472,8.46e-05,0.00237,0.172,0.764,134.057,146493,4,37.0
170,170,Green Day,¡DOS!,Lazy Bones,2012-11-12,0.552,0.926,9,-3.295,1,0.0739,0.000516,6e-06,0.0539,0.836,167.021,214480,4,41.0
171,171,Green Day,¡DOS!,Wild One,2012-11-12,0.544,0.915,2,-2.943,1,0.0291,0.00049,0.00402,0.0679,0.542,99.99,259680,4,40.0
172,172,Green Day,¡DOS!,Makeout Party,2012-11-12,0.296,0.952,2,-3.163,1,0.0965,0.000268,2.28e-05,0.188,0.515,193.81,194093,4,32.0
173,173,Green Day,¡DOS!,Stray Heart,2012-11-12,0.628,0.943,1,-3.914,0,0.0402,0.000504,0.000237,0.152,0.743,104.041,224947,4,54.0
174,174,Green Day,¡DOS!,Ashley,2012-11-12,0.432,0.971,2,-2.96,1,0.131,0.000168,0.0,0.534,0.62,188.96,170333,4,41.0
175,175,Green Day,¡DOS!,Baby Eyes,2012-11-12,0.443,0.974,11,-3.609,1,0.0794,0.000128,2.51e-06,0.247,0.699,178.006,142240,4,34.0
176,176,Green Day,¡DOS!,Lady Cobra,2012-11-12,0.496,0.977,4,-2.997,1,0.0578,8.03e-05,0.00253,0.332,0.83,88.0,125720,4,31.0
177,177,Green Day,¡DOS!,Nightlife,2012-11-12,0.69,0.835,2,-4.875,1,0.0359,0.000689,0.0,0.24,0.715,95.001,184987,4,34.0
178,178,Green Day,¡DOS!,Wow! That's Loud,2012-11-12,0.465,0.956,11,-4.157,1,0.0517,0.000538,0.000303,0.177,0.3,103.968,267573,4,32.0
179,179,Green Day,¡DOS!,Amy,2012-11-12,0.776,0.317,6,-8.221,1,0.0362,0.849,0.0,0.13,0.446,121.978,205107,4,58.0
180,180,Green Day,¡UNO!,Nuclear Family,2012-09-24,0.437,0.988,4,-3.174,1,0.0727,7.4e-05,0.000338,0.599,0.625,175.976,183147,4,48.0
181,181,Green Day,¡UNO!,Stay the Night,2012-09-24,0.371,0.958,2,-4.089,1,0.053,0.000116,0.000904,0.0677,0.6,171.867,276707,4,0.0
182,182,Green Day,¡UNO!,Carpe Diem,2012-09-24,0.547,0.93,8,-3.469,0,0.0348,0.000167,1.79e-05,0.0477,0.796,139.969,205507,4,38.0
183,183,Green Day,¡UNO!,Let Yourself Go,2012-09-24,0.627,0.971,2,-3.017,1,0.0376,0.00376,4.11e-05,0.246,0.605,101.0,176987,4,44.0
184,184,Green Day,¡UNO!,Kill the DJ,2012-09-24,0.67,0.954,9,-2.632,0,0.0363,0.000694,0.000271,0.133,0.882,105.998,221627,4,51.0
185,185,Green Day,¡UNO!,Fell for You,2012-09-24,0.552,0.909,9,-3.413,1,0.0353,0.00052,4.72e-06,0.147,0.893,144.032,188653,4,42.0
186,186,Green Day,¡UNO!,Loss of Control,2012-09-24,0.522,0.988,2,-3.142,1,0.0831,0.0034,0.0,0.0826,0.58,181.926,187827,4,34.0
187,187,Green Day,¡UNO!,Troublemaker,2012-09-24,0.692,0.928,11,-3.551,0,0.0502,0.00596,6.93e-06,0.0896,0.953,140.991,165253,4,38.0
188,188,Green Day,¡UNO!,Angel Blue,2012-09-24,0.481,0.98,4,-3.069,1,0.0727,0.000612,9.71e-05,0.109,0.822,187.072,166747,4,34.0
189,189,Green Day,¡UNO!,Sweet 16,2012-09-24,0.519,0.96,0,-3.352,1,0.0537,0.000571,3.88e-06,0.294,0.774,157.993,183813,4,35.0
190,190,Green Day,¡UNO!,Rusty James,2012-09-24,0.492,0.955,4,-3.545,1,0.04,0.0002,3.59e-06,0.136,0.795,169.967,249253,4,34.0
191,191,Green Day,¡UNO!,Oh Love,2012-09-24,0.427,0.773,8,-4.222,1,0.115,0.00605,4.02e-06,0.0396,0.695,171.806,303293,4,53.0
192,192,Green Day,21st Century Breakdown,Song of the Century,2009-05-15,0.5,0.396,7,-21.942,1,0.661,0.992,0.932,0.861,0.813,70.374,57773,5,41.0
193,193,Green Day,21st Century Breakdown,21st Century Breakdown,2009-05-15,0.298,0.963,1,-3.105,1,0.0473,0.0108,0.0,0.178,0.407,114.944,309107,4,53.0
194,194,Green Day,21st Century Breakdown,Know Your Enemy,2009-05-15,0.563,0.959,4,-3.792,1,0.042,0.00167,2.21e-05,0.0639,0.963,129.972,191120,4,62.0
195,195,Green Day,21st Century Breakdown,¡Viva La Gloria!,2009-05-15,0.232,0.937,4,-4.141,1,0.0998,0.00389,0.0,0.516,0.296,178.431,210507,4,52.0
196,196,Green Day,21st Century Breakdown,Before the Lobotomy,2009-05-15,0.327,0.836,1,-4.132,1,0.039,0.0305,0.0,0.273,0.301,136.167,277013,3,44.0
197,197,Green Day,21st Century Breakdown,Christian's Inferno,2009-05-15,0.356,0.988,2,-3.77,1,0.0711,6.53e-05,0.00171,0.378,0.562,179.977,187067,4,40.0
198,198,Green Day,21st Century Breakdown,Last Night on Earth,2009-05-15,0.556,0.486,2,-7.139,1,0.0329,0.0371,1.45e-06,0.164,0.243,119.955,236533,4,65.0
199,199,Green Day,21st Century Breakdown,East Jesus Nowhere,2009-05-15,0.466,0.899,2,-4.143,1,0.0574,0.000718,0.000443,0.439,0.422,143.947,274707,4,45.0
200,200,Green Day,21st Century Breakdown,Peacemaker,2009-05-15,0.561,0.956,11,-4.045,1,0.041,0.00666,6.43e-06,0.359,0.796,99.473,204080,4,44.0
201,201,Green Day,21st Century Breakdown,Last of the American Girls,2009-05-15,0.526,0.923,11,-4.089,1,0.0282,0.00247,0.000164,0.0866,0.775,121.597,231027,4,51.0
202,202,Green Day,21st Century Breakdown,Murder City,2009-05-15,0.465,0.975,6,-3.186,0,0.0613,0.00199,1.19e-05,0.133,0.841,182.002,174427,4,43.0
203,203,Green Day,21st Century Breakdown,¿Viva La Gloria? (Little Girl),2009-05-15,0.519,0.845,5,-4.415,0,0.0281,0.0252,2.41e-06,0.0922,0.532,94.955,227680,4,52.0
204,204,Green Day,21st Century Breakdown,Restless Heart Syndrome,2009-05-15,0.253,0.826,2,-4.654,0,0.0309,0.0013,1.6e-06,0.0735,0.424,164.228,259640,4,44.0
205,205,Green Day,21st Century Breakdown,Horseshoes and Handgrenades,2009-05-15,0.456,0.993,9,-2.471,1,0.0594,6.58e-05,0.000601,0.297,0.684,142.966,194067,4,43.0
206,206,Green Day,21st Century Breakdown,The Static Age,2009-05-15,0.471,0.964,2,-3.293,1,0.0467,0.000179,0.0,0.541,0.847,156.014,256627,4,42.0
207,207,Green Day,21st Century Breakdown,21 Guns,2009-05-15,0.265,0.735,5,-5.075,1,0.0355,0.045,0.0,0.192,0.378,158.767,317360,4,73.0
208,208,Green Day,21st Century Breakdown,American Eulogy: Mass Hysteria / Modern World,2009-05-15,0.256,0.955,2,-3.605,1,0.145,0.0108,0.0,0.565,0.66,176.941,266107,4,42.0
209,209,Green Day,21st Century Breakdown,See the Light,2009-05-15,0.305,0.961,1,-4.107,1,0.0498,0.000115,1.49e-05,0.21,0.367,140.287,275933,4,39.0
210,210,Green Day,21st Century Breakdown,Know Your Enemy - Live,2009-05-15,0.43,0.978,11,-4.879,1,0.061,0.0195,0.00568,0.68,0.637,137.154,287600,4,
211,211,Green Day,21st Century Breakdown,The Static Age - Live,2009-05-15,0.286,0.982,9,-3.868,1,0.0941,0.000102,0.105,0.875,0.485,163.35,270080,4,
212,212,Green Day,21st Century Breakdown (Deluxe pre-order),A Quick One While He's Away,2009-05-15,0.362,0.816,2,-4.607,1,0.0573,0.000594,0.0,0.312,0.48,130.002,478720,4,
213,213,Green Day,21st Century Breakdown (Deluxe pre-order),Another State of Mind,2009-05-15,0.204,0.949,7,-3.679,1,0.0409,1.78e-05,1.15e-05,0.21,0.634,177.518,165627,4,
214,214,Green Day,21st Century Breakdown (Deluxe pre-order),That's All Right,2009-05-15,0.869,0.455,2,-7.822,1,0.178,0.207,0.003,0.197,0.912,87.833,120587,4,
215,215,Green Day,21st Century Breakdown (Deluxe pre-order),Like a Rolling Stone,2009-05-15,0.288,0.957,0,-4.36,1,0.0486,0.000183,0.0,0.114,0.534,189.905,370147,4,
216,216,Green Day,American Idiot (Deluxe),American Idiot,2004-09-21,0.381,0.984,1,-2.42,1,0.0638,2.53e-05,6.91e-05,0.27,0.81,186.081,174320,4,62.0
217,217,Green Day,American Idiot (Deluxe),Jesus of Suburbia,2004-09-21,0.3,0.929,1,-3.214,1,0.0636,0.000259,2.26e-06,0.329,0.59,147.116,548253,4,54.0
218,218,Green Day,American Idiot (Deluxe),Holiday / Boulevard of Broken Dreams,2004-09-21,0.29,0.827,8,-3.451,1,0.0362,0.000659,2.55e-06,0.301,0.45,167.086,493400,4,57.0
219,219,Green Day,American Idiot (Deluxe),Are We the Waiting / St. Jimmy,2004-09-21,0.276,0.909,9,-3.664,1,0.0618,0.00016,4.76e-06,0.0933,0.344,138.497,338147,4,48.0
220,220,Green Day,American Idiot (Deluxe),Give Me Novacaine / She's a Rebel,2004-09-21,0.312,0.949,9,-3.533,1,0.0784,0.00185,1.78e-05,0.0569,0.65,154.795,326200,4,50.0
221,221,Green Day,American Idiot (Deluxe),Extraordinary Girl / Letterbomb,2004-09-21,0.317,0.958,9,-4.051,1,0.0989,0.00089,0.000184,0.103,0.422,137.921,460000,4,46.0
222,222,Green Day,American Idiot (Deluxe),Wake Me up When September Ends,2004-09-21,0.546,0.814,7,-5.146,1,0.0314,0.023,0.0,0.0972,0.146,104.98,285653,4,53.0
223,223,Green Day,American Idiot (Deluxe),Homecoming,2004-09-21,0.296,0.929,9,-3.068,1,0.0751,0.000722,5.83e-06,0.349,0.411,123.709,558520,4,46.0
224,224,Green Day,American Idiot (Deluxe),Whatsername,2004-09-21,0.813,0.547,2,-5.936,1,0.0344,0.00104,0.00335,0.0914,0.8,119.998,257213,4,51.0
225,225,Green Day,American Idiot (Deluxe),Too Much Too Soon,2004-09-21,0.401,0.995,11,-3.07,1,0.17,0.000349,1.45e-06,0.0952,0.61,170.861,210907,4,43.0
226,226,Green Day,American Idiot (Deluxe),Shoplifter,2004-09-21,0.379,0.955,9,-3.125,1,0.0483,0.000331,2.17e-06,0.756,0.732,142.678,110267,4,41.0
227,227,Green Day,American Idiot (Deluxe),Governator,2004-09-21,0.563,0.979,4,-2.175,1,0.0658,0.0225,1.7e-05,0.0372,0.881,173.998,151387,4,40.0
228,228,Green Day,Shenanigans,Suffocate,2002-07-02,0.41,0.985,1,-4.41,1,0.0427,0.000277,1.6e-06,0.112,0.87,88.604,174093,4,34.0
229,229,Green Day,Shenanigans,Desensitized,2002-07-02,0.431,0.912,0,-5.063,1,0.151,0.00123,6.11e-06,0.3,0.68,177.204,167427,4,33.0
230,230,Green Day,Shenanigans,You Lied,2002-07-02,0.365,0.854,8,-3.855,1,0.0756,0.0133,0.0,0.0564,0.665,125.887,145733,4,32.0
231,231,Green Day,Shenanigans,Outsider,2002-07-02,0.503,0.97,11,-3.362,0,0.0361,0.000185,0.0,0.352,0.869,95.115,136867,4,32.0
232,232,Green Day,Shenanigans,Don't Wanna Fall in Love,2002-07-02,0.414,0.98,8,-3.23,1,0.0885,0.00016,0.000409,0.0583,0.916,157.124,98467,4,
233,233,Green Day,Shenanigans,Espionage,2002-07-02,0.384,0.97,9,-4.426,0,0.0403,8.69e-06,0.916,0.155,0.643,135.274,203333,4,32.0
234,234,Green Day,Shenanigans,I Want to Be on T.V.,2002-07-02,0.352,0.981,0,-4.405,1,0.0503,1.52e-05,0.0,0.091,0.474,112.219,76600,4,29.0
235,235,Green Day,Shenanigans,Scumbag,2002-07-02,0.4,0.989,6,-3.248,0,0.0669,0.000183,0.0,0.166,0.93,176.762,105573,4,39.0
236,236,Green Day,Shenanigans,Tired of Waiting for You,2002-07-02,0.62,0.866,11,-5.543,1,0.0318,0.00369,0.00868,0.346,0.745,122.014,152360,4,30.0
237,237,Green Day,Shenanigans,Sick of Me,2002-07-02,0.467,0.98,0,-3.645,1,0.0625,1.19e-05,0.0,0.315,0.789,90.123,127040,4,31.0
238,238,Green Day,Shenanigans,Rotting,2002-07-02,0.569,0.785,0,-4.166,1,0.0277,0.0228,0.0,0.106,0.722,116.131,171453,4,30.0
239,239,Green Day,Shenanigans,Do Da Da,2002-07-02,0.383,0.994,8,-3.688,1,0.0474,0.000142,2.47e-06,0.0414,0.884,160.639,90280,4,31.0
240,240,Green Day,Shenanigans,On the Wagon,2002-07-02,0.702,0.553,6,-7.358,1,0.0545,0.0853,0.00248,0.203,0.948,116.66,167560,4,30.0
241,241,Green Day,Shenanigans,Ha Ha You're Dead,2002-07-02,0.43,0.933,0,-4.645,1,0.0559,0.00284,0.00464,0.216,0.825,178.799,186840,4,41.0
242,242,Green Day,Warning,Warning,2000-10-03,0.728,0.92,2,-2.828,1,0.0294,0.0673,1.61e-05,0.199,0.892,120.989,221667,4,69.0
243,243,Green Day,Warning,"Blood, Sex and Booze",2000-10-03,0.708,0.692,1,-4.286,0,0.0341,0.0135,3.92e-05,0.0742,0.42,92.631,213240,4,43.0
244,244,Green Day,Warning,Church on Sunday,2000-10-03,0.486,0.981,9,-3.263,1,0.0868,0.0226,0.0,0.156,0.729,163.943,198467,4,42.0
245,245,Green Day,Warning,Fashion Victim,2000-10-03,0.309,0.987,11,-3.006,0,0.0733,0.000356,0.0,0.224,0.748,107.199,168560,3,39.0
246,246,Green Day,Warning,Castaway,2000-10-03,0.624,0.978,11,-2.553,1,0.038,0.00138,0.0,0.23,0.953,116.54,232533,4,43.0
247,247,Green Day,Warning,Misery,2000-10-03,0.703,0.729,10,-5.065,0,0.065,0.0346,0.0,0.0995,0.663,161.221,305907,4,42.0
248,248,Green Day,Warning,Deadbeat Holiday,2000-10-03,0.529,0.93,7,-4.904,1,0.0594,0.00238,0.0,0.0995,0.505,82.42,215293,4,39.0
249,249,Green Day,Warning,Hold On,2000-10-03,0.723,0.917,7,-2.388,1,0.0286,0.01,0.0,0.103,0.857,135.942,176800,4,37.0
250,250,Green Day,Warning,Jackass,2000-10-03,0.509,0.954,7,-2.903,1,0.0348,0.000312,0.0,0.0888,0.575,94.481,163040,4,38.0
251,251,Green Day,Warning,Waiting,2000-10-03,0.557,0.834,8,-4.371,1,0.0335,0.0219,0.0,0.329,0.659,137.69,192360,4,56.0
252,252,Green Day,Warning,Minority,2000-10-03,0.551,0.965,0,-2.772,1,0.0452,0.00576,0.0,0.171,0.708,137.841,168227,4,60.0
253,253,Green Day,Warning,Macy's Day Parade,2000-10-03,0.863,0.728,11,-4.693,1,0.0327,0.208,0.0,0.104,0.874,108.958,213107,4,52.0
254,254,Green Day,Nimrod,Nice Guys Finish Last,1997-10-14,0.494,0.993,1,-2.919,0,0.0705,3.27e-05,0.0241,0.173,0.777,93.972,168867,4,55.0
255,255,Green Day,Nimrod,Hitchin' a Ride,1997-10-14,0.424,0.919,9,-4.629,1,0.1,0.00306,0.00674,0.123,0.684,163.732,171467,4,61.0
256,256,Green Day,Nimrod,The Grouch,1997-10-14,0.41,0.994,9,-3.485,1,0.0815,0.00168,0.000157,0.308,0.597,169.755,132080,4,49.0
257,257,Green Day,Nimrod,Redundant,1997-10-14,0.482,0.946,9,-3.416,1,0.0353,8.77e-06,0.00172,0.0891,0.867,115.883,198093,4,52.0
258,258,Green Day,Nimrod,Scattered,1997-10-14,0.507,0.991,4,-3.98,1,0.0609,2.93e-05,0.00027,0.108,0.713,91.934,182507,4,49.0
259,259,Green Day,Nimrod,All the Time,1997-10-14,0.526,0.972,2,-4.093,1,0.044,0.000334,4.91e-05,0.207,0.946,154.63,130347,4,42.0
260,260,Green Day,Nimrod,Worry Rock,1997-10-14,0.355,0.972,4,-3.551,1,0.0599,0.000204,0.0,0.173,0.745,144.809,147000,4,42.0
261,261,Green Day,Nimrod,Platypus (I Hate You),1997-10-14,0.227,0.985,4,-4.451,0,0.0905,5.36e-06,2.57e-06,0.0621,0.606,172.726,141440,4,43.0
262,262,Green Day,Nimrod,Uptight,1997-10-14,0.553,0.979,11,-3.567,0,0.0864,0.00572,0.000433,0.162,0.55,82.491,184160,4,42.0
263,263,Green Day,Nimrod,Last Ride In,1997-10-14,0.413,0.527,4,-9.162,1,0.0301,0.0793,0.842,0.0931,0.492,124.071,227840,4,39.0
264,264,Green Day,Nimrod,Jinx,1997-10-14,0.448,0.969,7,-3.714,1,0.0372,2.56e-05,0.0015,0.2,0.963,95.79,132427,4,40.0
265,265,Green Day,Nimrod,Haushinka,1997-10-14,0.437,0.99,2,-3.704,1,0.0533,5.93e-06,0.0142,0.183,0.34,92.87,205440,4,40.0
266,266,Green Day,Nimrod,Walking Alone,1997-10-14,0.566,0.863,0,-3.415,1,0.0302,0.000307,0.00376,0.274,0.799,112.888,165013,4,41.0
267,267,Green Day,Nimrod,Reject,1997-10-14,0.382,0.988,11,-3.465,1,0.0604,5.79e-06,0.000153,0.281,0.793,96.843,125493,4,40.0
268,268,Green Day,Nimrod,Take Back,1997-10-14,0.336,0.997,6,-3.596,1,0.0914,4.29e-06,0.463,0.141,0.71,116.498,69333,4,39.0
269,269,Green Day,Nimrod,King for a Day,1997-10-14,0.419,0.983,1,-4.073,0,0.0389,0.000583,8.09e-05,0.163,0.946,147.584,193440,4,45.0
270,270,Green Day,Nimrod,Good Riddance (Time of Your Life),1997-10-14,0.475,0.432,7,-7.844,1,0.0302,0.183,0.0,0.161,0.648,94.605,153467,4,76.0
271,271,Green Day,Nimrod,Prosthetic Head,1997-10-14,0.408,0.915,4,-5.124,1,0.0451,0.00125,3.83e-05,0.0351,0.854,137.444,218053,4,41.0
272,272,Green Day,Unplugged 1996,Geek Stink Breath,1996-01-01,0.474,0.88,0,-7.478,1,0.0374,0.396,1.79e-06,0.573,0.741,134.964,148040,4,
273,273,Green Day,Unplugged 1996,Hitching A Ride,1996-01-01,0.422,0.827,11,-9.697,0,0.0564,0.199,1.04e-05,0.848,0.522,161.993,229827,4,
274,274,Green Day,Unplugged 1996,Warning,1996-01-01,0.659,0.919,11,-7.185,0,0.033,0.281,0.0,0.0714,0.961,126.787,214627,4,
275,275,Green Day,Unplugged 1996,Longview,1996-01-01,0.43,0.852,4,-8.022,0,0.0408,0.137,1.71e-06,0.382,0.837,77.734,204040,4,
276,276,Green Day,Unplugged 1996,She,1996-01-01,0.522,0.929,6,-7.395,1,0.0437,0.157,4.09e-06,0.977,0.763,92.576,145560,4,
277,277,Green Day,Unplugged 1996,King For A Day,1996-01-01,0.348,0.968,6,-6.928,1,0.0987,0.167,0.0,0.876,0.418,168.707,200733,4,
278,278,Green Day,Unplugged 1996,When I Come Around,1996-01-01,0.558,0.943,7,-6.557,1,0.0326,0.242,4.06e-06,0.672,0.637,91.353,188560,4,
279,279,Green Day,Unplugged 1996,Scattered,1996-01-01,0.394,0.942,9,-7.536,1,0.0779,0.13,0.0,0.932,0.366,90.087,247880,4,
280,280,Green Day,Unplugged 1996,Good Riddance (Time Of Your Life),1996-01-01,0.353,0.567,0,-10.809,1,0.0286,0.467,0.0,0.906,0.743,87.154,170240,4,
281,281,Green Day,Unplugged 1996,Welcome To Paradise,1996-01-01,0.292,0.928,8,-11.462,1,0.063,0.00247,0.000822,0.172,0.413,92.798,240227,4,
282,282,Green Day,Unplugged 1996,Church On Sunday,1996-01-01,0.229,0.729,9,-12.321,1,0.072,0.0956,0.000462,0.712,0.584,177.951,226507,4,
283,283,Green Day,Unplugged 1996,2000 Light Years Away,1996-01-01,0.449,0.859,5,-11.851,0,0.0597,0.123,0.0015,0.205,0.509,93.436,233760,4,
284,284,Green Day,Unplugged 1996,Basketcase,1996-01-01,0.33,0.812,3,-11.89,1,0.0482,0.124,0.00134,0.397,0.6,90.946,170747,3,
285,285,Green Day,Insomniac,Armatage Shanks,1995-10-10,0.448,0.965,8,-4.834,1,0.0547,1.6e-05,0.0332,0.11,0.96,95.179,136600,4,42.0
286,286,Green Day,Insomniac,Brat,1995-10-10,0.323,0.988,11,-4.033,1,0.0607,0.000212,0.0,0.031,0.969,178.645,103333,4,47.0
287,287,Green Day,Insomniac,Stuck with Me,1995-10-10,0.306,0.982,3,-2.822,1,0.0828,2.78e-05,0.000386,0.0325,0.893,191.838,135400,4,48.0
288,288,Green Day,Insomniac,Geek Stink Breath,1995-10-10,0.51,0.996,11,-2.114,1,0.0431,5.11e-05,1.04e-05,0.104,0.791,131.268,135293,4,46.0
289,289,Green Day,Insomniac,No Pride,1995-10-10,0.382,0.974,0,-5.11,1,0.0496,5.44e-06,0.046,0.199,0.756,93.048,139827,4,39.0
290,290,Green Day,Insomniac,Bab's Uvula Who?,1995-10-10,0.494,0.932,8,-4.606,0,0.0542,0.000186,4.04e-05,0.0248,0.972,96.215,128200,4,39.0
291,291,Green Day,Insomniac,86,1995-10-10,0.189,0.964,3,-4.743,1,0.0864,1.27e-05,0.00328,0.0505,0.861,188.649,167800,4,42.0
292,292,Green Day,Insomniac,Panic Song,1995-10-10,0.183,0.929,10,-5.354,0,0.124,3.16e-05,0.0832,0.111,0.182,179.697,215440,4,40.0
293,293,Green Day,Insomniac,Stuart and the Ave.,1995-10-10,0.451,0.983,1,-3.172,1,0.0633,3.35e-05,0.000644,0.087,0.8,93.838,123467,4,41.0
294,294,Green Day,Insomniac,Brain Stew,1995-10-10,0.559,0.543,1,-5.429,1,0.302,0.00133,2e-05,0.0577,0.337,75.958,193000,4,69.0
295,295,Green Day,Insomniac,Jaded,1995-10-10,0.254,0.995,1,-3.068,1,0.0669,3.01e-05,4.14e-05,0.0392,0.843,159.336,90227,4,47.0
296,296,Green Day,Insomniac,Westbound Sign,1995-10-10,0.171,0.994,10,-4.121,1,0.0847,1.09e-05,0.000373,0.155,0.553,185.403,133267,4,39.0
297,297,Green Day,Insomniac,Tight Wad Hill,1995-10-10,0.159,0.964,1,-5.686,1,0.0479,1.14e-05,0.00148,0.0743,0.96,197.632,121027,4,37.0
298,298,Green Day,Insomniac,Walking Contradiction,1995-10-10,0.456,0.985,1,-2.597,1,0.0765,0.000473,0.0,0.0839,0.874,154.343,151173,4,52.0
299,299,Green Day,Insomniac,Armatage Shanks,1995-09-29,0.293,0.971,8,-4.178,1,0.0779,2.49e-05,0.106,0.104,0.964,190.169,136533,4,42.0
300,300,Green Day,Insomniac,Brat,1995-09-29,0.32,0.987,11,-3.759,1,0.0521,0.000272,0.0,0.0277,0.967,178.712,103280,4,47.0
301,301,Green Day,Insomniac,Stuck with Me,1995-09-29,0.29,0.979,3,-3.189,1,0.0714,0.000102,0.007,0.0395,0.897,191.811,135520,4,48.0
302,302,Green Day,Insomniac,Geek Stink Breath,1995-09-29,0.516,0.995,11,-2.429,1,0.0393,7.29e-05,1.89e-05,0.118,0.851,131.433,135800,4,46.0
303,303,Green Day,Insomniac,No Pride,1995-09-29,0.398,0.979,0,-4.493,1,0.0512,7.5e-06,0.279,0.0984,0.748,93.103,139747,4,39.0
304,304,Green Day,Insomniac,Bab's Uvula Who?,1995-09-29,0.51,0.941,11,-4.204,1,0.0548,0.0008,0.000254,0.0272,0.974,96.182,128147,4,39.0
305,305,Green Day,Insomniac,86,1995-09-29,0.197,0.967,3,-4.076,1,0.0862,1.72e-05,0.00482,0.0546,0.849,189.733,167640,4,42.0
306,306,Green Day,Insomniac,Panic Song,1995-09-29,0.222,0.944,10,-4.658,0,0.0828,5.45e-05,0.132,0.102,0.249,92.25,215333,4,40.0
307,307,Green Day,Insomniac,Stuart and the Ave.,1995-09-29,0.289,0.986,1,-2.831,1,0.0776,9.96e-05,0.00367,0.0819,0.87,187.38,123240,4,41.0
308,308,Green Day,Insomniac,Brain Stew,1995-09-29,0.588,0.64,1,-5.289,1,0.372,0.00197,6.37e-05,0.0564,0.25,75.96,192827,4,69.0
309,309,Green Day,Insomniac,Jaded,1995-09-29,0.26,0.995,1,-3.522,1,0.0744,7.44e-05,0.000178,0.057,0.755,159.325,90813,4,47.0
310,310,Green Day,Insomniac,Westbound Sign,1995-09-29,0.182,0.996,3,-3.6,1,0.0758,1.94e-05,0.00213,0.209,0.371,185.572,133200,4,39.0
311,311,Green Day,Insomniac,Tight Wad Hill,1995-09-29,0.387,0.973,1,-4.894,1,0.0382,3.98e-05,0.0011,0.055,0.957,99.089,121027,4,37.0
312,312,Green Day,Insomniac,Walking Contradiction,1995-09-29,0.471,0.976,1,-4.664,1,0.0604,0.00131,0.0,0.0743,0.825,154.429,150977,4,52.0
313,313,Green Day,Dookie,Burnout,1994-02-01,0.5,0.921,6,-5.261,1,0.0355,0.000165,0.00118,0.0959,0.891,90.861,127533,4,59.0
314,314,Green Day,Dookie,Having a Blast,1994-02-01,0.449,0.938,1,-6.36,1,0.0455,0.00181,0.0,0.353,0.825,89.695,164667,4,52.0
315,315,Green Day,Dookie,Chump,1994-02-01,0.221,0.887,10,-8.396,1,0.0537,0.00023,0.177,0.159,0.638,173.569,174040,4,50.0
316,316,Green Day,Dookie,Longview,1994-02-01,0.381,0.732,10,-7.594,0,0.0536,0.00834,0.0101,0.0854,0.814,142.504,233240,4,64.0
317,317,Green Day,Dookie,Welcome to Paradise,1994-02-01,0.37,0.96,3,-4.162,0,0.0378,0.000241,0.0116,0.0563,0.717,89.428,224133,4,67.0
318,318,Green Day,Dookie,Pulling Teeth,1994-02-01,0.531,0.872,3,-5.064,1,0.0492,0.00171,0.0863,0.109,0.877,128.211,150827,4,50.0
319,319,Green Day,Dookie,Basket Case,1994-02-01,0.442,0.943,3,-3.205,1,0.0602,0.00293,8.71e-06,0.091,0.781,85.064,181533,4,80.0
320,320,Green Day,Dookie,She,1994-02-01,0.37,0.937,1,-3.939,0,0.0356,7.37e-05,0.00817,0.0904,0.874,93.307,134293,4,65.0
321,321,Green Day,Dookie,Sassafras Roots,1994-02-01,0.172,0.97,8,-5.104,1,0.0409,5.03e-05,0.00479,0.257,0.881,182.451,157627,4,50.0
322,322,Green Day,Dookie,When I Come Around,1994-02-01,0.531,0.909,11,-4.236,1,0.034,0.0175,0.0,0.231,0.814,97.546,178000,4,75.0
323,323,Green Day,Dookie,Coming Clean,1994-02-01,0.338,0.992,10,-4.907,1,0.073,0.000138,0.000228,0.214,0.681,171.552,94893,4,50.0
324,324,Green Day,Dookie,Emenius Sleepus,1994-02-01,0.199,0.975,10,-5.609,1,0.0559,0.000109,0.0,0.23,0.758,177.442,103973,4,48.0
325,325,Green Day,Dookie,In the End,1994-02-01,0.323,0.951,1,-5.844,1,0.0442,5.75e-05,1.78e-06,0.233,0.772,139.54,106400,4,49.0
326,326,Green Day,Dookie,F.O.D.,1994-02-01,0.404,0.322,1,-10.904,1,0.0582,0.0341,2.31e-05,0.123,0.776,82.2,170760,4,49.0
327,327,Green Day,Dookie,All by Myself,1994-02-01,0.677,0.269,9,-16.898,1,0.0583,0.258,0.0823,0.139,0.557,117.009,100172,4,45.0
328,328,Green Day,Kerplunk!,2000 Light Years Away,1992-01-17,0.206,0.99,10,-3.565,1,0.13,0.00176,8.07e-05,0.335,0.666,187.433,144627,4,45.0
329,329,Green Day,Kerplunk!,One for the Razorbacks,1992-01-17,0.197,0.992,11,-3.595,1,0.193,0.0252,0.00162,0.411,0.706,196.245,150133,4,36.0
330,330,Green Day,Kerplunk!,Welcome to Paradise,1992-01-17,0.397,0.982,8,-3.752,1,0.0682,0.00587,0.00591,0.346,0.723,96.81,210480,4,40.0
331,331,Green Day,Kerplunk!,Christie Rd.,1992-01-17,0.361,0.959,6,-3.946,1,0.0726,0.0149,0.000125,0.0666,0.661,126.46,211747,4,39.0
332,332,Green Day,Kerplunk!,Private Ale,1992-01-17,0.222,0.99,1,-3.286,1,0.102,0.00526,0.000674,0.111,0.616,192.966,146293,4,33.0
333,333,Green Day,Kerplunk!,Dominated Love Slave,1992-01-17,0.484,0.914,3,-4.513,1,0.135,0.313,2.78e-05,0.134,0.798,130.464,101680,3,32.0
334,334,Green Day,Kerplunk!,One of My Lies,1992-01-17,0.212,0.977,1,-4.049,1,0.157,0.0264,2.22e-05,0.684,0.732,190.381,138200,4,37.0
335,335,Green Day,Kerplunk!,80,1992-01-17,0.174,0.984,6,-3.355,1,0.131,0.0323,0.000107,0.27,0.783,181.256,219645,4,35.0
336,336,Green Day,Kerplunk!,Android,1992-01-17,0.218,0.989,3,-4.553,1,0.214,0.00512,1.54e-05,0.088,0.464,199.711,180528,4,33.0
337,337,Green Day,Kerplunk!,No One Knows,1992-01-17,0.555,0.758,1,-5.944,1,0.0365,0.147,0.00328,0.0992,0.371,124.233,219800,4,34.0
338,338,Green Day,Kerplunk!,Who Wrote Holden Caulfield?,1992-01-17,0.443,0.969,8,-3.774,1,0.0945,0.0193,2.58e-05,0.1,0.625,103.524,162667,4,38.0
339,339,Green Day,Kerplunk!,Words I Might Have Ate,1992-01-17,0.586,0.835,9,-5.893,1,0.0971,0.2,3.45e-06,0.305,0.607,103.569,150440,4,32.0
340,340,Green Day,Kerplunk!,Sweet Children,1992-01-17,0.26,0.976,0,-2.51,0,0.173,0.0195,3.73e-06,0.113,0.375,106.192,100093,4,30.0
341,341,Green Day,Kerplunk!,Best Thing in Town,1992-01-17,0.271,0.994,10,-3.952,0,0.154,0.0228,0.0,0.0959,0.42,111.304,121987,4,29.0
342,342,Green Day,Kerplunk!,Strangeland,1992-01-17,0.367,0.971,8,-3.033,1,0.157,0.054,0.0,0.319,0.532,108.039,128147,4,28.0
343,343,Green Day,Kerplunk!,My Generation,1992-01-17,0.542,0.896,10,-4.599,0,0.185,0.0281,0.0,0.224,0.855,104.334,139747,4,32.0
344,344,Green Day,Kerplunk,Christie Road,1992-01-17,0.36,0.959,6,-3.959,1,0.0737,0.014,0.000122,0.0669,0.68,126.43,213427,4,1.0
345,345,Green Day,Kerplunk,One Of My Lies,1992-01-17,0.336,0.976,1,-4.06,1,0.113,0.0282,2.55e-05,0.592,0.777,94.925,139413,4,37.0
346,346,Green Day,Kerplunk,Best Thing In Town,1992-01-17,0.274,0.993,6,-3.887,1,0.177,0.0242,0.0,0.0877,0.44,111.551,123173,4,29.0
347,347,Green Day,"1,039 / Smoothed out Slappy Hours",At the Library,1991-07-01,0.242,0.946,7,-3.823,1,0.0721,0.00024,0.00812,0.189,0.817,92.511,147240,4,39.0
348,348,Green Day,"1,039 / Smoothed out Slappy Hours",Don't Leave Me,1991-07-01,0.404,0.965,9,-3.309,1,0.0583,5.8e-05,0.0295,0.275,0.729,100.7,156960,4,
349,349,Green Day,"1,039 / Smoothed out Slappy Hours",I Was There,1991-07-01,0.174,0.974,5,-3.858,1,0.11,0.000434,0.000107,0.698,0.747,196.13,214693,4,32.0
350,350,Green Day,"1,039 / Smoothed out Slappy Hours",Disappearing Boy,1991-07-01,0.139,0.934,2,-4.391,1,0.0801,4.59e-05,0.00101,0.383,0.603,186.437,170360,4,34.0
351,351,Green Day,"1,039 / Smoothed out Slappy Hours",Green Day,1991-07-01,0.147,0.979,4,-3.418,1,0.0795,9.9e-06,0.824,0.0481,0.55,193.987,207667,4,34.0
352,352,Green Day,"1,039 / Smoothed out Slappy Hours",Going to Pasalacqua,1991-07-01,0.222,0.943,9,-3.23,1,0.0734,0.000603,0.0475,0.247,0.691,192.185,208613,4,40.0
353,353,Green Day,"1,039 / Smoothed out Slappy Hours",16,1991-07-01,0.462,0.961,9,-3.888,1,0.0505,0.000343,1.42e-05,0.0859,0.837,135.065,202547,4,32.0
354,354,Green Day,"1,039 / Smoothed out Slappy Hours",Road to Acceptance,1991-07-01,0.278,0.891,7,-4.739,1,0.0856,0.000308,0.000799,0.353,0.783,180.934,213080,4,29.0
355,355,Green Day,"1,039 / Smoothed out Slappy Hours",Rest,1991-07-01,0.332,0.474,0,-6.096,1,0.0285,0.000363,0.0,0.186,0.287,95.471,184147,3,28.0
356,356,Green Day,"1,039 / Smoothed out Slappy Hours",The Judge's Daughter,1991-07-01,0.316,0.91,0,-4.48,1,0.108,0.000217,1.62e-05,0.155,0.931,190.134,152933,4,31.0
357,357,Green Day,"1,039 / Smoothed out Slappy Hours",Paper Lanterns,1991-07-01,0.243,0.996,2,-2.811,1,0.174,0.000514,1.09e-05,0.0607,0.452,172.794,143160,4,37.0
358,358,Green Day,"1,039 / Smoothed out Slappy Hours",Why Do You Want Him?,1991-07-01,0.271,0.991,2,-3.374,1,0.117,9.13e-05,0.0,0.321,0.717,190.153,152627,4,31.0
359,359,Green Day,"1,039 / Smoothed out Slappy Hours",409 in Your Coffeemaker,1991-07-01,0.213,0.992,0,-2.232,1,0.119,0.00476,9.25e-05,0.336,0.616,178.665,171573,4,30.0
360,360,Green Day,"1,039 / Smoothed out Slappy Hours",Knowledge,1991-07-01,0.581,0.785,7,-4.761,1,0.0789,0.149,0.0,0.286,0.721,136.485,138933,4,31.0
361,361,Green Day,"1,039 / Smoothed out Slappy Hours","1,000 Hours",1991-07-01,0.141,0.966,6,-4.102,0,0.103,0.00207,0.0,0.335,0.646,179.954,145907,4,31.0
362,362,Green Day,"1,039 / Smoothed out Slappy Hours",Dry Ice,1991-07-01,0.232,0.993,8,-3.134,1,0.142,0.00247,0.0,0.0625,0.29,181.414,224827,4,31.0
363,363,Green Day,"1,039 / Smoothed out Slappy Hours",Only of You,1991-07-01,0.147,0.981,8,-4.201,0,0.162,0.000519,0.00055,0.314,0.404,188.187,164173,4,32.0
364,364,Green Day,"1,039 / Smoothed out Slappy Hours",The One I Want,1991-07-01,0.376,0.988,3,-3.667,1,0.0899,0.000125,2.45e-06,0.317,0.596,90.246,179827,4,29.0
365,365,Green Day,"1,039 / Smoothed out Slappy Hours",I Want to Be Alone,1991-07-01,0.184,0.987,7,-2.304,1,0.137,0.00338,0.000792,0.244,0.679,191.251,189240,4,29.0
366,366,Green Day,"1,039 / Smoothed out Slappy Hours","Paper Lanterns - Live at WMMR, 1991",1991-07-01,0.683,0.341,3,-12.278,0,0.11,0.971,0.00516,0.138,0.839,88.668,96000,4,25.0
367,367,Green Day,"1,039 / Smoothed out Slappy Hours","Words I Might Have Ate - Live from WMMR, 1991",1991-07-01,0.454,0.199,1,-18.494,1,0.121,0.962,0.051,0.112,0.611,171.978,104837,4,23.0
368,368,Green Day,"1,039 / Smoothed out Slappy Hours","One for the Razorbacks - Live at WMMR, Minneapolis, MN, 4/18/91",1991-07-01,0.709,0.313,6,-11.589,1,0.175,0.975,7.7e-05,0.213,0.7,92.194,84984,4,24.0
369,369,Green Day,"1,039 / Smoothed out Slappy Hours",Studio Banter - Interview,1991-07-01,0.672,0.0956,10,-27.541,0,0.907,0.84,0.0,0.437,0.589,84.542,176379,4,19.0
370,370,Green Day,1039/Smoothed Out Slappy Hours,The Judges Daughter,1991-07-01,0.315,0.906,0,-4.507,1,0.103,0.000236,1.31e-05,0.17,0.943,190.442,154427,4,
371,371,Green Day,1039/Smoothed Out Slappy Hours,409 In Your Coffee Maker,1991-07-01,0.217,0.991,0,-2.231,1,0.14,0.00583,4.87e-05,0.501,0.603,178.62,173987,4,
372,372,Green Day,1039/Smoothed Out Slappy Hours,1000 Hours,1991-07-01,0.191,0.967,6,-4.126,0,0.117,0.00247,0.0,0.328,0.589,180.155,145907,4,
