,year,style,gender,main_singers,language,key,BPM,energy,danceability,happiness,acousticness,instrumentalness,liveness,speechiness,final_place,semi_place,semi_draw_position,final_draw_position,final_televote_points,final_jury_points,final_televote_votes,final_jury_votes,country,backing_dancers,backing_singers,backing_instruments,language_count
0,2022,1,1,1,52,8.0,100.0,70.0,76.0,45.0,5.0,0.0,52.0,5.0,0.0,12.0,1.0,0.0,91.0364238410596,91.3543046357616,15.256038647342995,15.217391304347826,1,5,0,0,1
1,2022,1,2,1,1,2.0,115.0,69.0,75.0,59.0,1.0,0.0,34.0,17.0,0.0,14.0,2.0,0.0,91.0364238410596,91.3543046357616,15.256038647342995,15.217391304347826,23,0,0,4,361
2,2022,2,1,1,55,1.0,93.0,56.0,68.0,50.0,9.0,0.0,31.0,3.0,14.0,7.0,3.0,14.0,93.0,35.0,21.0,10.0,22,0,0,0,1
3,2022,2,2,1,1,18.0,116.0,18.0,42.0,39.0,87.0,0.0,11.0,4.0,17.0,9.0,4.0,5.0,0.0,78.0,0.0,21.0,21,0,0,0,361
4,2022,1,2,1,7,6.0,120.0,61.0,68.0,60.0,0.0,0.0,5.0,3.0,0.0,17.0,5.0,0.0,91.0364238410596,91.3543046357616,15.256038647342995,15.217391304347826,20,0,0,4,5
5,2022,5,2,1,31,12.0,105.0,82.0,83.0,32.0,14.0,0.0,12.0,4.0,1.0,1.0,6.0,12.0,439.0,192.0,39.0,26.0,36,1,2,2,2
6,2022,4,2,1,1,12.0,80.0,84.0,52.0,72.0,3.0,2.0,24.0,3.0,0.0,16.0,7.0,0.0,91.0364238410596,91.3543046357616,15.256038647342995,15.217391304347826,40,0,0,5,361
7,2022,2,1,1,32,4.0,87.0,48.0,32.0,15.0,39.0,0.0,14.0,3.0,11.0,2.0,8.0,11.0,42.0,129.0,12.0,25.0,17,0,0,0,2
8,2022,5,2,1,19,1.0,142.0,88.0,70.0,96.0,41.0,0.0,32.0,14.0,7.0,8.0,9.0,19.0,239.0,14.0,35.0,4.0,16,0,0,5,3
9,2022,2,1,6,56,7.0,83.0,34.0,64.0,38.0,68.0,0.0,11.0,4.0,9.0,4.0,10.0,3.0,36.0,171.0,9.0,29.0,35,0,0,0,1
10,2022,2,1,1,57,18.0,84.0,59.0,53.0,51.0,12.0,0.0,14.0,6.0,0.0,11.0,11.0,0.0,91.0364238410596,91.3543046357616,15.256038647342995,15.217391304347826,34,3,0,0,1
11,2022,4,1,1,1,1.0,90.0,80.0,31.0,21.0,2.0,0.0,37.0,6.0,0.0,13.0,12.0,0.0,91.0364238410596,91.3543046357616,15.256038647342995,15.217391304347826,13,0,0,3,361
12,2022,3,1,1,1,13.0,150.0,91.0,57.0,69.0,0.0,0.0,53.0,4.0,0.0,15.0,13.0,0.0,91.0364238410596,91.3543046357616,15.256038647342995,15.217391304347826,32,0,0,0,361
13,2022,5,1,3,18,4.0,100.0,52.0,58.0,35.0,58.0,4.0,7.0,3.0,23.0,10.0,14.0,18.0,10.0,10.0,2.0,4.0,2,0,0,1,3
14,2022,2,1,1,1,18.0,150.0,37.0,48.0,20.0,12.0,0.0,13.0,7.0,8.0,3.0,15.0,17.0,57.0,158.0,9.0,26.0,11,0,0,0,361
15,2022,1,2,2,1,9.0,124.0,53.0,74.0,55.0,20.0,0.0,9.0,4.0,10.0,6.0,16.0,7.0,146.0,36.0,32.0,10.0,10,4,0,0,361
16,2022,2,1,1,1,1.0,170.0,64.0,56.0,53.0,11.0,0.0,45.0,6.0,20.0,5.0,17.0,8.0,21.0,40.0,4.0,10.0,31,0,0,0,361
17,2022,4,2,1,1,2.0,116.0,87.0,50.0,49.0,0.0,0.0,8.0,4.0,21.0,7.0,1.0,4.0,26.0,12.0,8.0,3.0,8,0,0,3,361
18,2022,1,2,1,1,15.0,120.0,82.0,70.0,45.0,1.0,0.0,13.0,6.0,0.0,13.0,2.0,0.0,91.0364238410596,91.3543046357616,15.256038647342995,15.217391304347826,7,4,0,0,361
19,2022,5,1,1,58,1.0,136.0,71.0,92.0,63.0,1.0,0.0,17.0,8.0,5.0,3.0,3.0,24.0,225.0,87.0,34.0,15.0,27,5,0,0,1
20,2022,2,2,1,1,5.0,79.0,30.0,34.0,30.0,19.0,0.0,14.0,6.0,16.0,10.0,4.0,15.0,3.0,103.0,1.0,19.0,6,1,0,0,361
21,2022,4,2,1,1,12.0,107.0,76.0,79.0,84.0,0.0,0.0,30.0,4.0,0.0,18.0,5.0,0.0,91.0364238410596,91.3543046357616,15.256038647342995,15.217391304347826,26,0,0,3,361
22,2022,1,1,1,1,3.0,98.0,71.0,56.0,38.0,4.0,0.0,9.0,3.0,0.0,16.0,6.0,0.0,91.0364238410596,91.3543046357616,15.256038647342995,15.217391304347826,4,4,0,0,361
23,2022,4,2,1,17,14.0,140.0,80.0,60.0,55.0,0.0,0.0,8.0,10.0,0.0,14.0,7.0,0.0,91.0364238410596,91.3543046357616,15.256038647342995,15.217391304347826,28,0,0,5,3
24,2022,2,2,1,1,7.0,128.0,43.0,36.0,38.0,66.0,0.0,14.0,4.0,15.0,2.0,8.0,21.0,2.0,123.0,1.0,23.0,43,0,0,0,361
25,2022,1,1,1,59,16.0,98.0,63.0,66.0,65.0,24.0,0.0,6.0,9.0,0.0,12.0,9.0,0.0,91.0364238410596,91.3543046357616,15.256038647342995,15.217391304347826,24,2,0,0,1
26,2022,1,1,1,1,14.0,122.0,60.0,68.0,56.0,0.0,0.0,34.0,3.0,0.0,15.0,10.0,0.0,91.0364238410596,91.3543046357616,15.256038647342995,15.217391304347826,3,4,0,0,361
27,2022,2,1,1,1,25.0,144.0,71.0,54.0,22.0,48.0,0.0,17.0,3.0,0.0,11.0,11.0,0.0,91.0364238410596,91.3543046357616,15.256038647342995,15.217391304347826,47,0,0,0,361
28,2022,1,2,1,1,7.0,123.0,78.0,52.0,55.0,19.0,0.0,10.0,4.0,13.0,5.0,12.0,25.0,98.0,43.0,19.0,8.0,5,0,0,0,361
29,2022,1,2,1,33,8.0,120.0,76.0,76.0,66.0,6.0,0.0,15.0,13.0,18.0,9.0,13.0,2.0,53.0,12.0,12.0,3.0,25,4,0,0,2
30,2022,2,2,1,1,13.0,140.0,67.0,51.0,33.0,56.0,0.0,12.0,4.0,12.0,6.0,14.0,23.0,105.0,46.0,22.0,9.0,30,4,0,0,361
31,2022,2,1,1,60,9.0,77.0,46.0,43.0,20.0,55.0,0.0,10.0,3.0,0.0,17.0,15.0,0.0,91.0364238410596,91.3543046357616,15.256038647342995,15.217391304347826,39,0,0,0,1
32,2022,1,2,1,1,17.0,144.0,53.0,63.0,28.0,24.0,0.0,13.0,5.0,19.0,8.0,16.0,16.0,5.0,59.0,2.0,13.0,9,4,0,0,361
33,2022,2,1,1,1,11.0,97.0,62.0,49.0,17.0,11.0,0.0,14.0,4.0,4.0,1.0,17.0,20.0,180.0,258.0,33.0,33.0,12,0,0,0,361
34,2022,3,1,1,1,5.0,126.0,79.0,59.0,52.0,15.0,0.0,21.0,11.0,22.0,4.0,18.0,1.0,5.0,33.0,1.0,11.0,42,0,0,2,361
35,2022,2,2,2,2,3.0,123.0,61.0,52.0,34.0,45.0,0.0,25.0,3.0,6.0,0.0,0.0,9.0,110.0,158.0,23.0,26.0,33,0,0,1,10
36,2022,1,1,1,15,25.0,105.0,81.0,73.0,59.0,13.0,0.0,9.0,6.0,3.0,0.0,0.0,10.0,228.0,231.0,38.0,34.0,14,5,0,0,4
37,2022,2,2,1,1,3.0,81.0,64.0,65.0,52.0,45.0,0.0,38.0,23.0,25.0,0.0,0.0,13.0,6.0,0.0,3.0,0.0,15,0,0,0,361
38,2022,1,2,1,1,23.0,80.0,83.0,47.0,33.0,18.0,0.0,10.0,5.0,2.0,0.0,0.0,22.0,183.0,283.0,34.0,35.0,18,0,0,2,361
39,2022,5,3,4,61,11.0,120.0,84.0,74.0,48.0,1.0,0.0,24.0,12.0,24.0,0.0,0.0,6.0,8.0,9.0,6.0,3.0,19,1,0,0,1
40,2021,3,2,1,1,18.0,115.0,80.0,83.0,63.0,5.0,0.0,13.0,6.0,8.0,4.0,1.0,18.0,165.0,55.0,27.0,12.0,22,2,2,2,361
41,2021,2,1,1,1,15.0,81.0,40.0,45.0,21.0,48.0,0.0,15.0,5.0,0.0,13.0,2.0,0.0,91.0364238410596,91.3543046357616,15.256038647342995,15.217391304347826,20,0,0,0,361
42,2021,5,1,1,54,6.0,102.0,70.0,89.0,65.0,20.0,0.0,7.0,19.0,9.0,3.0,3.0,5.0,100.0,104.0,22.0,21.0,37,0,4,0,1
43,2021,1,2,1,1,7.0,90.0,76.0,50.0,40.0,0.0,0.0,13.0,4.0,14.0,7.0,4.0,25.0,63.0,46.0,18.0,10.0,12,4,0,0,361
44,2021,1,1,1,1,5.0,119.0,57.0,67.0,27.0,7.0,0.0,27.0,3.0,0.0,14.0,5.0,0.0,91.0364238410596,91.3543046357616,15.256038647342995,15.217391304347826,43,3,0,0,361
45,2021,2,2,1,1,3.0,138.0,20.0,32.0,13.0,51.0,0.0,32.0,4.0,0.0,15.0,6.0,0.0,91.0364238410596,91.3543046357616,15.256038647342995,15.217391304347826,47,0,0,0,361
46,2021,1,1,1,1,3.0,143.0,83.0,54.0,55.0,2.0,0.0,36.0,4.0,0.0,16.0,7.0,0.0,91.0364238410596,91.3543046357616,15.256038647342995,15.217391304347826,3,0,0,0,361
47,2021,1,1,1,1,5.0,114.0,66.0,66.0,62.0,0.0,0.0,84.0,13.0,16.0,6.0,8.0,1.0,44.0,50.0,7.0,11.0,24,4,0,0,361
48,2021,1,2,1,1,26.0,93.0,65.0,54.0,28.0,7.0,0.0,11.0,3.0,18.0,10.0,9.0,22.0,60.0,15.0,16.0,5.0,10,4,0,0,361
49,2021,1,1,1,30,6.0,126.0,76.0,77.0,76.0,5.0,0.0,34.0,4.0,0.0,11.0,10.0,0.0,91.0364238410596,91.3543046357616,15.256038647342995,15.217391304347826,34,4,0,0,2
50,2021,2,1,1,1,18.0,80.0,73.0,49.0,25.0,5.0,0.0,16.0,4.0,19.0,9.0,11.0,4.0,3.0,71.0,2.0,17.0,9,0,1,3,361
51,2021,1,1,1,1,25.0,107.0,66.0,75.0,47.0,28.0,0.0,10.0,8.0,17.0,5.0,12.0,3.0,20.0,73.0,4.0,17.0,7,4,0,0,361
52,2021,2,1,1,1,7.0,120.0,69.0,58.0,25.0,13.0,0.0,16.0,14.0,0.0,12.0,13.0,0.0,91.0364238410596,91.3543046357616,15.256038647342995,15.217391304347826,25,5,0,0,361
53,2021,1,1,1,1,6.0,100.0,68.0,71.0,46.0,1.0,0.0,26.0,4.0,20.0,8.0,14.0,21.0,33.0,32.0,12.0,9.0,6,4,0,0,361
54,2021,5,1,1,31,22.0,118.0,74.0,53.0,50.0,5.0,0.0,11.0,6.0,5.0,2.0,15.0,19.0,267.0,97.0,38.0,19.0,36,2,0,3,2
55,2021,1,1,1,1,15.0,112.0,87.0,76.0,78.0,15.0,0.0,28.0,11.0,7.0,1.0,16.0,6.0,47.0,208.0,15.0,35.0,4,4,0,0,361
56,2021,3,3,2,1,7.0,104.0,89.0,67.0,53.0,0.0,0.0,39.0,8.0,0.0,9.0,1.0,0.0,13.0,37.0,3.0,7.0,28,4,0,0,361
57,2021,2,2,1,1,15.0,176.0,64.0,40.0,41.0,4.0,0.0,9.0,7.0,0.0,13.0,2.0,0.0,91.0364238410596,91.3543046357616,15.256038647342995,15.217391304347826,5,0,0,0,361
58,2021,2,2,1,1,11.0,122.0,87.0,72.0,89.0,11.0,0.0,34.0,3.0,0.0,15.0,3.0,0.0,91.0364238410596,91.3543046357616,15.256038647342995,15.217391304347826,42,4,0,0,361
59,2021,1,1,1,1,4.0,147.0,91.0,53.0,39.0,2.0,0.0,7.0,4.0,10.0,6.0,4.0,10.0,79.0,91.0,11.0,15.0,11,4,0,0,361
60,2021,2,2,1,1,26.0,80.0,38.0,44.0,8.0,1.0,0.0,8.0,4.0,0.0,12.0,5.0,0.0,91.0364238410596,91.3543046357616,15.256038647342995,15.217391304347826,32,0,0,0,361
61,2021,1,2,1,1,2.0,132.0,77.0,69.0,93.0,40.0,0.0,25.0,3.0,0.0,14.0,6.0,0.0,91.0364238410596,91.3543046357616,15.256038647342995,15.217391304347826,30,4,0,0,361
62,2021,1,1,1,1,2.0,120.0,76.0,69.0,51.0,0.0,1.0,13.0,5.0,13.0,7.0,7.0,14.0,62.0,53.0,11.0,6.0,16,4,0,0,361
63,2021,1,2,1,1,4.0,123.0,62.0,80.0,44.0,1.0,0.0,9.0,4.0,0.0,2.0,8.0,0.0,180.0,198.0,29.0,28.0,2,0,2,3,361
64,2021,1,1,3,6,1.0,105.0,92.0,65.0,60.0,17.0,0.0,16.0,12.0,15.0,8.0,9.0,8.0,82.0,20.0,12.0,3.0,27,0,0,0,8
65,2021,2,2,1,1,1.0,134.0,37.0,50.0,12.0,24.0,4.0,19.0,2.0,0.0,16.0,10.0,0.0,91.0364238410596,91.3543046357616,15.256038647342995,15.217391304347826,26,0,0,0,361
66,2021,2,1,1,10,9.0,150.0,63.0,52.0,19.0,0.0,0.0,13.0,4.0,21.0,10.0,11.0,2.0,35.0,22.0,5.0,4.0,1,0,0,0,5
67,2021,5,2,1,1,22.0,66.0,42.0,28.0,24.0,34.0,0.0,20.0,3.0,12.0,4.0,12.0,7.0,27.0,126.0,6.0,22.0,35,0,0,4,361
68,2021,2,1,1,1,3.0,93.0,18.0,52.0,25.0,69.0,0.0,9.0,3.0,11.0,3.0,13.0,17.0,30.0,140.0,5.0,26.0,40,0,0,0,361
69,2021,4,2,2,1,3.0,98.0,96.0,57.0,44.0,0.0,0.0,27.0,11.0,6.0,5.0,14.0,16.0,218.0,83.0,37.0,19.0,8,0,1,3,361
70,2021,2,1,1,1,7.0,150.0,63.0,66.0,33.0,4.0,0.0,14.0,14.0,0.0,17.0,15.0,0.0,91.0364238410596,91.3543046357616,15.256038647342995,15.217391304347826,23,3,0,0,361
71,2021,2,2,1,3,5.0,123.0,37.0,52.0,19.0,83.0,0.0,15.0,3.0,3.0,1.0,16.0,11.0,165.0,267.0,34.0,34.0,21,0,0,0,10
72,2021,1,2,2,62,1.0,124.0,87.0,68.0,96.0,1.0,0.0,34.0,3.0,0.0,11.0,17.0,0.0,91.0364238410596,91.3543046357616,15.256038647342995,15.217391304347826,13,0,3,0,1
73,2021,2,2,1,64,10.0,95.0,72.0,72.0,54.0,48.0,0.0,23.0,6.0,11.0,0.0,0.0,23.0,0.0,11.0,0.0,5.0,17,1,2,0,1
74,2021,2,2,1,5,24.0,76.0,72.0,52.0,36.0,21.0,0.0,8.0,5.0,24.0,0.0,0.0,13.0,0.0,6.0,0.0,2.0,14,0,0,0,8
75,2021,1,2,1,1,11.0,126.0,82.0,68.0,72.0,0.0,0.0,11.0,6.0,26.0,0.0,0.0,9.0,0.0,0.0,0.0,0.0,18,0,0,4,361
76,2021,1,2,1,1,8.0,114.0,84.0,83.0,75.0,19.0,0.0,3.0,21.0,25.0,0.0,0.0,15.0,0.0,3.0,0.0,2.0,15,1,0,3,361
77,2021,2,1,1,3,4.0,135.0,34.0,45.0,60.0,77.0,0.0,30.0,6.0,2.0,0.0,0.0,20.0,251.0,248.0,38.0,33.0,19,0,0,0,10
78,2021,4,2,1,2,6.0,94.0,63.0,64.0,0.0,0.0,42.0,7.0,-3.0,1.0,0.0,0.0,24.0,318.0,206.0,38.0,28.0,33,0,0,3,10
79,2019,3,1,1,1,2.0,102.0,68.0,71.0,50.0,5.0,0.0,6.0,7.0,13.0,9.0,1.0,11.0,32.0,77.0,4.0,15.0,24,4,0,0,361
80,2019,1,3,6,1,12.0,92.0,73.0,53.0,47.0,21.0,0.0,31.0,5.0,0.0,16.0,2.0,0.0,91.0364238410596,91.3543046357616,15.256038647342995,15.217391304347826,39,0,0,0,361
81,2019,3,2,1,1,2.0,126.0,89.0,50.0,48.0,1.0,0.0,15.0,5.0,0.0,17.0,3.0,0.0,91.0364238410596,91.3543046357616,15.256038647342995,15.217391304347826,8,1,0,1,361
82,2019,5,1,4,29,14.0,96.0,78.0,59.0,78.0,2.0,21.0,64.0,3.0,0.0,11.0,4.0,0.0,91.0364238410596,91.3543046357616,15.256038647342995,15.217391304347826,30,0,0,0,2
83,2019,2,3,2,7,9.0,108.0,65.0,78.0,74.0,18.0,2.0,16.0,4.0,15.0,6.0,5.0,10.0,59.0,46.0,13.0,9.0,20,0,0,0,5
84,2019,1,2,1,1,5.0,106.0,74.0,70.0,41.0,27.0,0.0,7.0,6.0,11.0,2.0,6.0,3.0,7.0,150.0,4.0,26.0,42,0,0,2,361
85,2019,2,2,1,14,16.0,96.0,45.0,63.0,33.0,55.0,0.0,10.0,4.0,0.0,12.0,7.0,0.0,91.0364238410596,91.3543046357616,15.256038647342995,15.217391304347826,41,0,0,0,4
86,2019,3,1,1,1,9.0,105.0,80.0,71.0,35.0,29.0,0.0,20.0,5.0,24.0,10.0,8.0,19.0,13.0,18.0,2.0,5.0,29,2,2,0,361
87,2019,2,1,1,6,15.0,158.0,48.0,20.0,16.0,21.0,0.0,13.0,3.0,18.0,7.0,9.0,23.0,54.0,35.0,7.0,8.0,27,0,0,0,8
88,2019,2,2,1,1,9.0,145.0,20.0,37.0,23.0,89.0,0.0,9.0,4.0,0.0,13.0,10.0,0.0,91.0364238410596,91.3543046357616,15.256038647342995,15.217391304347826,9,0,0,2,361
89,2019,5,2,1,27,2.0,120.0,70.0,32.0,30.0,49.0,0.0,26.0,4.0,0.0,14.0,11.0,0.0,91.0364238410596,91.3543046357616,15.256038647342995,15.217391304347826,26,0,5,0,2
90,2019,6,1,1,1,11.0,132.0,54.0,46.0,26.0,57.0,0.0,41.0,4.0,9.0,1.0,12.0,25.0,131.0,153.0,30.0,24.0,43,2,0,0,361
91,2019,3,3,2,18,6.0,110.0,67.0,57.0,48.0,0.0,0.0,9.0,8.0,10.0,3.0,13.0,17.0,186.0,46.0,34.0,9.0,2,4,0,0,3
92,2019,1,2,1,1,12.0,128.0,59.0,62.0,29.0,5.0,0.0,8.0,3.0,20.0,4.0,14.0,18.0,48.0,28.0,10.0,7.0,5,0,0,0,361
93,2019,5,2,1,4,3.0,123.0,37.0,71.0,24.0,62.0,3.0,8.0,5.0,0.0,15.0,15.0,0.0,91.0364238410596,91.3543046357616,15.256038647342995,15.217391304347826,35,1,0,0,9
94,2019,1,1,1,1,13.0,88.0,69.0,37.0,35.0,1.0,0.0,9.0,6.0,21.0,5.0,16.0,13.0,24.0,50.0,3.0,8.0,11,2,3,0,361
95,2019,3,2,1,1,20.0,118.0,92.0,68.0,74.0,0.0,0.0,36.0,8.0,19.0,8.0,17.0,7.0,65.0,12.0,11.0,3.0,28,0,5,0,361
96,2019,1,1,1,1,21.0,130.0,57.0,43.0,17.0,0.0,23.0,10.0,4.0,0.0,16.0,1.0,0.0,91.0364238410596,91.3543046357616,15.256038647342995,15.217391304347826,31,0,0,0,361
97,2019,1,1,1,1,1.0,125.0,45.0,71.0,67.0,12.0,0.0,65.0,5.0,0.0,18.0,2.0,0.0,91.0364238410596,91.3543046357616,15.256038647342995,15.217391304347826,3,2,0,0,361
98,2019,2,1,1,1,10.0,156.0,62.0,42.0,24.0,29.0,0.0,20.0,3.0,0.0,12.0,3.0,0.0,91.0364238410596,91.3543046357616,15.256038647342995,15.217391304347826,16,1,0,0,361
99,2019,3,2,1,1,2.0,97.0,75.0,66.0,48.0,6.0,0.0,8.0,5.0,4.0,4.0,4.0,24.0,212.0,152.0,38.0,28.0,21,4,0,0,361
100,2019,1,1,1,1,9.0,93.0,46.0,74.0,67.0,26.0,80.0,10.0,5.0,0.0,15.0,5.0,0.0,91.0364238410596,91.3543046357616,15.256038647342995,15.217391304347826,23,0,0,3,361
101,2019,1,1,1,1,10.0,72.0,49.0,35.0,33.0,13.0,0.0,11.0,6.0,0.0,13.0,6.0,0.0,91.0364238410596,91.3543046357616,15.256038647342995,15.217391304347826,25,2,2,1,361
102,2019,1,1,1,65,21.0,136.0,42.0,73.0,79.0,58.0,0.0,7.0,3.0,12.0,10.0,7.0,6.0,51.0,69.0,13.0,16.0,13,2,2,0,1
103,2019,2,2,1,1,1.0,104.0,75.0,40.0,42.0,20.0,0.0,7.0,7.0,5.0,3.0,8.0,9.0,93.0,241.0,17.0,32.0,12,0,4,0,361
104,2019,2,1,1,1,1.0,131.0,36.0,46.0,18.0,81.0,0.0,11.0,6.0,0.0,17.0,9.0,0.0,91.0364238410596,91.3543046357616,15.256038647342995,15.217391304347826,32,0,0,0,361
105,2019,2,2,1,30,8.0,114.0,60.0,61.0,24.0,49.0,61.0,34.0,3.0,0.0,14.0,10.0,0.0,91.0364238410596,91.3543046357616,15.256038647342995,15.217391304347826,34,2,0,0,2
106,2019,1,1,1,1,7.0,98.0,70.0,71.0,85.0,28.0,0.0,17.0,7.0,14.0,8.0,11.0,1.0,20.0,87.0,4.0,19.0,4,4,0,0,361
107,2019,1,2,1,1,1.0,158.0,64.0,60.0,41.0,1.0,39.0,8.0,5.0,0.0,11.0,12.0,0.0,91.0364238410596,91.3543046357616,15.256038647342995,15.217391304347826,22,0,0,0,361
108,2019,2,2,1,1,19.0,92.0,52.0,33.0,26.0,9.0,0.0,8.0,4.0,3.0,6.0,13.0,5.0,244.0,126.0,30.0,24.0,37,0,0,0,361
109,2019,5,1,1,10,21.0,117.0,70.0,57.0,58.0,2.0,0.0,21.0,5.0,17.0,9.0,14.0,2.0,47.0,43.0,6.0,10.0,1,0,3,0,5
110,2019,3,3,3,1,5.0,122.0,75.0,61.0,36.0,14.0,0.0,11.0,6.0,6.0,7.0,15.0,15.0,291.0,40.0,37.0,9.0,10,0,0,0,361
111,2019,2,2,1,1,5.0,72.0,33.0,45.0,27.0,82.0,0.0,14.0,4.0,1.0,1.0,16.0,12.0,261.0,237.0,40.0,32.0,17,0,0,0,361
112,2019,2,1,1,1,10.0,92.0,42.0,36.0,28.0,82.0,0.0,14.0,3.0,7.0,2.0,17.0,8.0,58.0,247.0,11.0,32.0,47,0,0,0,361
113,2019,1,2,1,1,15.0,101.0,62.0,63.0,73.0,5.0,0.0,10.0,4.0,8.0,5.0,18.0,20.0,100.0,202.0,26.0,33.0,6,0,0,0,361
114,2019,2,1,2,1,1.0,142.0,45.0,56.0,22.0,39.0,0.0,7.0,4.0,25.0,0.0,0.0,4.0,0.0,24.0,0.0,5.0,15,0,0,0,361
115,2019,2,2,1,1,13.0,110.0,42.0,55.0,23.0,70.0,0.0,14.0,4.0,23.0,0.0,0.0,14.0,35.0,0.0,7.0,0.0,7,0,5,0,361
116,2019,2,2,1,1,1.0,82.0,55.0,52.0,57.0,1.0,0.0,9.0,3.0,26.0,0.0,0.0,16.0,3.0,8.0,1.0,5.0,18,0,5,0,361
117,2019,1,2,1,8,17.0,140.0,67.0,55.0,54.0,21.0,0.0,12.0,4.0,16.0,0.0,0.0,21.0,38.0,67.0,12.0,18.0,19,2,0,0,5
118,2019,1,2,1,2,16.0,95.0,59.0,73.0,35.0,4.0,0.0,31.0,5.0,2.0,0.0,0.0,22.0,253.0,219.0,38.0,32.0,33,3,0,0,10
119,2019,1,2,1,5,10.0,148.0,81.0,62.0,80.0,8.0,0.0,33.0,6.0,22.0,0.0,0.0,26.0,53.0,1.0,12.0,1.0,14,5,0,0,8
120,2018,1,1,1,1,13.0,120.0,77.0,52.0,27.0,0.0,80.0,14.0,3.0,0.0,11.0,1.0,0.0,91.0364238410596,91.3543046357616,15.256038647342995,15.217391304347826,6,4,0,0,361
121,2018,2,2,1,1,23.0,130.0,49.0,48.0,7.0,0.0,92.0,31.0,3.0,0.0,19.0,2.0,0.0,91.0364238410596,91.3543046357616,15.256038647342995,15.217391304347826,2,0,5,0,361
122,2018,4,2,4,10,22.0,95.0,76.0,39.0,41.0,0.0,79.0,12.0,3.0,11.0,8.0,3.0,12.0,58.0,126.0,8.0,20.0,1,0,2,3,5
123,2018,1,1,1,1,10.0,88.0,59.0,66.0,59.0,12.0,0.0,20.0,3.0,0.0,12.0,4.0,0.0,91.0364238410596,91.3543046357616,15.256038647342995,15.217391304347826,9,0,0,0,361
124,2018,1,2,1,1,17.0,106.0,70.0,83.0,64.0,0.0,0.0,36.0,12.0,6.0,3.0,5.0,14.0,215.0,66.0,35.0,16.0,42,2,0,0,361
125,2018,2,1,1,1,19.0,90.0,19.0,34.0,4.0,87.0,85.0,16.0,4.0,12.0,9.0,6.0,4.0,91.0,90.0,11.0,17.0,22,0,0,0,361
126,2018,1,1,1,1,16.0,130.0,71.0,79.0,80.0,7.0,0.0,24.0,7.0,1.0,1.0,7.0,22.0,317.0,212.0,39.0,34.0,7,3,0,0,361
127,2018,2,2,1,1,5.0,117.0,59.0,38.0,41.0,60.0,0.0,20.0,4.0,0.0,16.0,8.0,0.0,91.0364238410596,91.3543046357616,15.256038647342995,15.217391304347826,29,1,0,0,361
128,2018,6,1,1,2,4.0,94.0,60.0,23.0,26.0,50.0,0.0,27.0,4.0,8.0,5.0,9.0,6.0,102.0,143.0,19.0,26.0,5,0,0,0,10
129,2018,1,3,5,1,17.0,88.0,57.0,51.0,43.0,2.0,39.0,11.0,4.0,14.0,7.0,10.0,18.0,66.0,100.0,15.0,18.0,40,0,0,0,361
130,2018,1,1,1,1,13.0,120.0,76.0,75.0,56.0,7.0,6.0,11.0,4.0,0.0,18.0,11.0,0.0,91.0364238410596,91.3543046357616,15.256038647342995,15.217391304347826,38,0,3,2,361
131,2018,1,1,1,1,5.0,98.0,41.0,67.0,37.0,36.0,0.0,63.0,3.0,0.0,17.0,12.0,0.0,91.0364238410596,91.3543046357616,15.256038647342995,15.217391304347826,34,0,0,0,361
132,2018,1,2,1,1,2.0,85.0,51.0,50.0,43.0,9.0,0.0,36.0,3.0,3.0,4.0,13.0,5.0,71.0,271.0,18.0,34.0,32,0,0,0,361
133,2018,1,1,1,9,20.0,150.0,66.0,42.0,18.0,2.0,0.0,12.0,4.0,0.0,14.0,14.0,0.0,91.0364238410596,91.3543046357616,15.256038647342995,15.217391304347826,11,0,0,0,5
134,2018,1,1,1,1,10.0,122.0,73.0,58.0,27.0,1.0,0.0,6.0,4.0,25.0,10.0,15.0,17.0,23.0,23.0,4.0,6.0,8,4,0,0,361
135,2018,1,2,1,66,4.0,75.0,50.0,34.0,23.0,18.0,0.0,27.0,4.0,0.0,15.0,16.0,0.0,91.0364238410596,91.3543046357616,15.256038647342995,15.217391304347826,31,0,0,0,1
136,2018,1,1,1,1,5.0,84.0,81.0,49.0,56.0,4.0,0.0,18.0,5.0,0.0,13.0,17.0,0.0,91.0364238410596,91.3543046357616,15.256038647342995,15.217391304347826,21,0,0,1,361
137,2018,5,2,1,1,18.0,94.0,32.0,70.0,28.0,73.0,0.0,12.0,4.0,16.0,6.0,18.0,24.0,62.0,74.0,14.0,19.0,3,2,0,1,361
138,2018,1,1,1,1,2.0,101.0,74.0,59.0,52.0,6.0,0.0,58.0,10.0,2.0,2.0,19.0,25.0,253.0,183.0,42.0,27.0,24,4,0,0,361
139,2018,1,2,1,1,7.0,104.0,61.0,74.0,96.0,1.0,0.0,6.0,5.0,15.0,1.0,1.0,7.0,84.0,60.0,18.0,12.0,10,4,0,0,361
140,2018,1,1,1,1,22.0,101.0,46.0,47.0,10.0,1.0,84.0,15.0,3.0,0.0,11.0,2.0,0.0,91.0364238410596,91.3543046357616,15.256038647342995,15.217391304347826,25,0,0,5,361
141,2018,5,3,2,6,2.0,125.0,87.0,38.0,30.0,8.0,0.0,30.0,11.0,19.0,9.0,3.0,10.0,75.0,38.0,9.0,6.0,27,1,2,1,8
142,2018,1,1,1,1,15.0,127.0,75.0,67.0,61.0,5.0,0.0,16.0,4.0,0.0,17.0,4.0,0.0,91.0364238410596,91.3543046357616,15.256038647342995,15.217391304347826,28,2,1,0,361
143,2018,5,2,1,1,2.0,82.0,85.0,47.0,42.0,2.0,0.0,13.0,4.0,9.0,5.0,5.0,15.0,188.0,38.0,32.0,8.0,13,4,0,0,361
144,2018,1,1,1,1,15.0,91.0,80.0,52.0,11.0,0.0,81.0,11.0,3.0,0.0,15.0,6.0,0.0,91.0364238410596,91.3543046357616,15.256038647342995,15.217391304347826,37,2,3,0,361
145,2018,1,3,3,1,2.0,122.0,87.0,74.0,82.0,1.0,0.0,32.0,7.0,10.0,3.0,7.0,19.0,115.0,94.0,23.0,13.0,16,3,0,0,361
146,2018,4,2,1,1,2.0,87.0,88.0,58.0,73.0,6.0,0.0,34.0,5.0,18.0,7.0,8.0,23.0,32.0,89.0,7.0,18.0,17,0,0,4,361
147,2018,1,1,1,1,3.0,114.0,82.0,61.0,30.0,0.0,0.0,23.0,7.0,20.0,4.0,9.0,16.0,9.0,90.0,3.0,17.0,43,0,0,0,361
148,2018,1,2,3,27,5.0,121.0,56.0,27.0,21.0,55.0,0.0,21.0,4.0,0.0,18.0,10.0,0.0,91.0364238410596,91.3543046357616,15.256038647342995,15.217391304347826,26,0,0,2,2
149,2018,3,2,1,1,19.0,123.0,74.0,55.0,46.0,11.0,0.0,14.0,5.0,0.0,14.0,11.0,0.0,91.0364238410596,91.3543046357616,15.256038647342995,15.217391304347826,30,1,3,1,361
150,2018,1,1,1,1,3.0,122.0,62.0,64.0,15.0,20.0,0.0,63.0,4.0,0.0,13.0,12.0,0.0,91.0364238410596,91.3543046357616,0.0,0.0,4,1,0,0,361
151,2018,4,2,1,14,16.0,164.0,94.0,33.0,34.0,0.0,0.0,19.0,6.0,21.0,10.0,13.0,21.0,65.0,28.0,15.0,7.0,41,0,0,4,4
152,2018,1,1,1,1,1.0,118.0,52.0,69.0,10.0,40.0,0.0,13.0,5.0,0.0,12.0,14.0,0.0,91.0364238410596,91.3543046357616,15.256038647342995,15.217391304347826,23,0,0,0,361
153,2018,1,2,1,1,13.0,109.0,69.0,73.0,76.0,10.0,0.0,11.0,7.0,7.0,2.0,15.0,20.0,21.0,253.0,7.0,35.0,12,0,0,0,361
154,2018,4,2,1,12,17.0,79.0,45.0,49.0,34.0,39.0,0.0,55.0,3.0,0.0,16.0,16.0,0.0,91.0364238410596,91.3543046357616,15.256038647342995,15.217391304347826,39,4,0,1,4
155,2018,1,1,1,7,21.0,140.0,60.0,81.0,36.0,1.0,0.0,10.0,5.0,22.0,8.0,17.0,3.0,23.0,41.0,4.0,12.0,20,4,0,0,5
156,2018,3,2,1,1,7.0,140.0,74.0,53.0,33.0,0.0,92.0,10.0,3.0,17.0,6.0,18.0,1.0,119.0,11.0,18.0,2.0,36,0,4,0,361
157,2018,1,1,1,4,19.0,120.0,31.0,50.0,10.0,84.0,0.0,28.0,4.0,26.0,0.0,0.0,8.0,18.0,21.0,2.0,5.0,35,0,1,0,9
158,2018,1,1,1,1,19.0,116.0,72.0,65.0,38.0,2.0,0.0,22.0,4.0,24.0,0.0,0.0,9.0,25.0,23.0,7.0,6.0,18,0,0,0,361
159,2018,1,2,1,1,23.0,75.0,28.0,45.0,42.0,78.0,0.0,10.0,3.0,4.0,0.0,0.0,11.0,136.0,204.0,29.0,30.0,15,0,0,0,361
160,2018,1,1,1,3,6.0,97.0,54.0,65.0,17.0,7.0,0.0,58.0,5.0,13.0,0.0,0.0,13.0,59.0,114.0,13.0,21.0,19,0,0,1,10
161,2018,1,2,2,2,11.0,90.0,88.0,57.0,76.0,34.0,0.0,16.0,5.0,5.0,0.0,0.0,26.0,249.0,59.0,35.0,11.0,33,0,0,0,10
162,2018,1,3,2,5,1.0,120.0,31.0,48.0,26.0,87.0,0.0,10.0,3.0,23.0,0.0,0.0,2.0,18.0,43.0,3.0,10.0,14,0,0,0,8
163,2017,1,2,1,1,6.0,109.0,67.0,74.0,46.0,3.0,0.0,14.0,5.0,5.0,3.0,1.0,24.0,126.0,218.0,35.0,33.0,12,4,0,0,361
164,2017,1,1,1,1,9.0,132.0,67.0,27.0,19.0,15.0,0.0,10.0,6.0,0.0,11.0,2.0,0.0,91.0364238410596,91.3543046357616,15.256038647342995,15.217391304347826,26,0,0,0,361
165,2017,1,2,1,1,2.0,79.0,63.0,33.0,55.0,26.0,0.0,27.0,5.0,9.0,6.0,3.0,14.0,2.0,171.0,1.0,29.0,43,0,0,0,361
166,2017,1,1,1,1,1.0,85.0,77.0,42.0,30.0,14.0,0.0,29.0,4.0,0.0,14.0,4.0,0.0,91.0364238410596,91.3543046357616,15.256038647342995,15.217391304347826,1,0,4,0,361
167,2017,1,1,1,1,10.0,130.0,45.0,61.0,15.0,24.0,0.0,21.0,3.0,4.0,4.0,5.0,23.0,255.0,108.0,40.0,21.0,9,0,0,0,361
168,2017,1,2,1,1,5.0,120.0,94.0,58.0,54.0,1.0,0.0,11.0,9.0,0.0,16.0,6.0,0.0,91.0364238410596,91.3543046357616,15.256038647342995,15.217391304347826,39,0,0,0,361
169,2017,2,1,1,1,12.0,81.0,33.0,28.0,12.0,85.0,8.0,14.0,3.0,0.0,12.0,7.0,0.0,91.0364238410596,91.3543046357616,15.256038647342995,15.217391304347826,8,0,0,1,361
170,2017,1,1,1,1,17.0,91.0,65.0,47.0,30.0,4.0,0.0,10.0,4.0,14.0,8.0,8.0,12.0,42.0,78.0,6.0,14.0,6,1,4,0,361
171,2017,2,2,1,4,18.0,88.0,10.0,21.0,17.0,85.0,0.0,26.0,3.0,1.0,1.0,9.0,11.0,376.0,382.0,41.0,39.0,35,0,0,0,9
172,2017,1,1,1,1,5.0,128.0,68.0,54.0,22.0,0.0,0.0,11.0,3.0,19.0,10.0,10.0,15.0,29.0,48.0,6.0,7.0,11,2,0,0,361
173,2017,1,1,1,1,12.0,120.0,68.0,44.0,19.0,6.0,0.0,37.0,5.0,22.0,9.0,11.0,2.0,41.0,23.0,11.0,7.0,30,0,0,1,361
174,2017,3,2,1,1,7.0,110.0,81.0,83.0,64.0,24.0,1.0,7.0,11.0,3.0,2.0,12.0,7.0,264.0,110.0,38.0,19.0,16,0,3,2,361
175,2017,1,1,1,1,10.221461187214611,115.40182648401826,67.02054794520548,55.87671232876713,44.09132420091324,21.621004566210047,4.993150684931507,18.639269406392692,5.472602739726027,0.0,15.0,13.0,0.0,91.0364238410596,91.3543046357616,15.256038647342995,15.217391304347826,2,0,0,0,361
176,2017,1,1,1,1,3.0,86.0,42.0,36.0,16.0,44.0,0.0,31.0,4.0,0.0,13.0,14.0,0.0,91.0364238410596,91.3543046357616,15.256038647342995,15.217391304347826,42,0,0,0,361
177,2017,1,2,1,1,7.0,75.0,73.0,59.0,72.0,4.0,0.0,11.0,9.0,21.0,5.0,15.0,19.0,32.0,36.0,6.0,7.0,24,2,0,0,361
178,2017,1,1,1,1,6.0,90.0,80.0,58.0,33.0,79.0,6.0,8.0,15.0,18.0,7.0,16.0,5.0,21.0,58.0,5.0,16.0,31,2,0,0,361
179,2017,2,2,1,1,12.0,67.0,55.0,42.0,14.0,30.0,0.0,52.0,4.0,0.0,17.0,17.0,0.0,91.0364238410596,91.3543046357616,15.256038647342995,15.217391304347826,20,0,0,0,361
180,2017,1,1,1,1,15.0,126.0,64.0,71.0,36.0,1.0,0.0,19.0,4.0,0.0,18.0,18.0,0.0,91.0364238410596,91.3543046357616,15.256038647342995,15.217391304347826,23,0,0,3,361
181,2017,1,1,1,1,10.221461187214611,115.40182648401826,67.02054794520548,55.87671232876713,44.09132420091324,21.621004566210047,4.993150684931507,18.639269406392692,5.472602739726027,0.0,11.0,1.0,0.0,91.0364238410596,91.3543046357616,15.256038647342995,15.217391304347826,27,1,0,0,361
182,2017,1,2,1,1,14.0,90.0,54.0,71.0,54.0,11.0,0.0,23.0,3.0,16.0,7.0,2.0,4.0,0.0,93.0,0.0,24.0,32,0,4,0,361
183,2017,1,1,1,1,10.221461187214611,115.40182648401826,67.02054794520548,55.87671232876713,44.09132420091324,21.621004566210047,4.993150684931507,18.639269406392692,5.472602739726027,0.0,15.0,3.0,0.0,91.0364238410596,91.3543046357616,15.256038647342995,15.217391304347826,38,0,0,0,361
184,2017,2,1,1,1,21.0,76.0,48.0,52.0,19.0,66.0,0.0,9.0,3.0,0.0,16.0,4.0,0.0,91.0364238410596,91.3543046357616,15.256038647342995,15.217391304347826,4,0,0,0,361
185,2017,1,3,2,1,19.0,174.0,91.0,45.0,77.0,1.0,0.0,12.0,15.0,7.0,6.0,5.0,20.0,224.0,58.0,38.0,11.0,25,0,1,0,361
186,2017,1,1,3,1,11.0,128.0,73.0,41.0,51.0,22.0,0.0,14.0,8.0,11.0,4.0,6.0,6.0,15.0,135.0,5.0,25.0,17,0,0,0,361
187,2017,5,2,1,14,5.0,108.0,73.0,55.0,45.0,58.0,0.0,48.0,22.0,8.0,2.0,7.0,8.0,152.0,48.0,33.0,10.0,41,1,0,0,4
188,2017,1,1,1,1,7.0,91.0,75.0,40.0,65.0,4.0,0.0,49.0,13.0,20.0,10.0,8.0,10.0,8.0,69.0,1.0,14.0,13,0,0,0,361
189,2017,2,2,1,1,8.0,164.0,48.0,44.0,19.0,63.0,0.0,11.0,3.0,0.0,13.0,9.0,0.0,91.0364238410596,91.3543046357616,15.256038647342995,15.217391304347826,3,0,0,0,361
190,2017,1,3,2,1,9.0,140.0,94.0,71.0,57.0,8.0,0.0,12.0,1.0,0.0,18.0,10.0,0.0,91.0364238410596,91.3543046357616,15.256038647342995,15.217391304347826,28,3,0,0,361
191,2017,6,2,1,28,1.0,138.0,65.0,42.0,30.0,21.0,0.0,17.0,5.0,13.0,8.0,11.0,13.0,103.0,25.0,21.0,6.0,34,0,3,2,2
192,2017,1,2,1,1,6.0,104.0,61.0,69.0,32.0,12.0,0.0,9.0,9.0,10.0,5.0,12.0,17.0,29.0,129.0,8.0,24.0,10,0,0,3,361
193,2017,1,1,1,1,19.0,87.0,56.0,61.0,28.0,11.0,0.0,11.0,9.0,0.0,12.0,13.0,0.0,91.0364238410596,91.3543046357616,15.256038647342995,15.217391304347826,21,0,0,2,361
194,2017,1,3,2,67,22.0,155.0,97.0,46.0,43.0,2.0,0.0,40.0,8.0,17.0,9.0,14.0,3.0,33.0,50.0,9.0,11.0,29,0,0,0,1
195,2017,1,2,1,1,10.0,126.0,51.0,41.0,21.0,42.0,0.0,11.0,4.0,2.0,1.0,15.0,25.0,337.0,278.0,41.0,38.0,40,0,0,0,361
196,2017,1,1,1,1,21.0,101.0,79.0,66.0,30.0,4.0,0.0,12.0,6.0,0.0,17.0,16.0,0.0,91.0364238410596,91.3543046357616,15.256038647342995,15.217391304347826,22,0,4,1,361
197,2017,1,3,2,1,4.0,111.0,82.0,61.0,29.0,1.0,0.0,35.0,3.0,0.0,14.0,17.0,0.0,91.0364238410596,91.3543046357616,15.256038647342995,15.217391304347826,5,0,0,0,361
198,2017,1,2,1,1,10.0,128.0,92.0,69.0,43.0,2.0,2.0,5.0,5.0,23.0,3.0,18.0,1.0,5.0,34.0,3.0,8.0,7,5,0,0,361
199,2017,1,2,1,2,19.0,114.0,83.0,67.0,58.0,4.0,0.0,11.0,8.0,6.0,0.0,0.0,9.0,208.0,126.0,36.0,20.0,33,1,4,0,10
200,2017,1,2,1,15,3.0,170.0,77.0,66.0,88.0,1.0,0.0,11.0,5.0,26.0,0.0,0.0,16.0,5.0,0.0,1.0,0.0,14,0,0,3,4
201,2017,2,1,1,1,18.0,128.0,37.0,41.0,25.0,40.0,0.0,32.0,4.0,15.0,0.0,0.0,18.0,12.0,99.0,4.0,21.0,18,0,0,0,361
202,2017,1,1,1,1,24.0,124.0,70.0,81.0,52.0,38.0,0.0,13.0,5.0,25.0,0.0,0.0,21.0,3.0,3.0,1.0,1.0,15,0,0,0,361
203,2017,4,2,1,1,20.0,102.0,90.0,57.0,31.0,0.0,0.0,12.0,8.0,24.0,0.0,0.0,22.0,24.0,12.0,6.0,3.0,36,0,1,4,361
204,2017,1,1,1,8,10.221461187214611,115.40182648401826,67.02054794520548,55.87671232876713,44.09132420091324,21.621004566210047,4.993150684931507,18.639269406392692,5.472602739726027,12.0,0.0,0.0,26.0,90.0,45.0,24.0,12.0,19,0,0,0,5
205,2016,1,1,1,1,9.0,126.0,90.0,65.0,58.0,0.0,3.0,15.0,8.0,0.0,15.0,1.0,0.0,91.0364238410596,91.3543046357616,15.256038647342995,15.217391304347826,8,0,5,0,361
206,2016,1,3,4,22,10.221461187214611,115.40182648401826,67.02054794520548,55.87671232876713,44.09132420091324,21.621004566210047,4.993150684931507,18.639269406392692,5.472602739726027,0.0,16.0,2.0,0.0,91.0364238410596,91.3543046357616,15.256038647342995,15.217391304347826,11,0,0,2,2
207,2016,1,1,1,1,13.0,126.0,82.0,63.0,30.0,5.0,0.0,2.0,4.0,0.0,17.0,3.0,0.0,91.0364238410596,91.3543046357616,15.256038647342995,15.217391304347826,16,1,0,0,361
208,2016,1,2,1,1,10.0,72.0,59.0,51.0,28.0,0.0,96.0,11.0,3.0,19.0,4.0,4.0,5.0,56.0,52.0,16.0,12.0,41,0,3,1,361
209,2016,1,1,1,1,7.0,116.0,54.0,60.0,36.0,23.0,0.0,21.0,4.0,23.0,10.0,5.0,17.0,33.0,40.0,5.0,11.0,34,0,4,0,361
210,2016,1,2,1,1,2.0,124.0,79.0,60.0,62.0,5.0,0.0,6.0,3.0,11.0,5.0,6.0,3.0,39.0,114.0,8.0,22.0,17,0,0,5,361
211,2016,1,1,1,1,8.0,120.0,72.0,53.0,31.0,8.0,0.0,11.0,5.0,7.0,2.0,7.0,26.0,134.0,115.0,21.0,21.0,31,0,0,0,361
212,2016,1,2,1,1,17.0,123.0,70.0,68.0,54.0,3.0,0.0,13.0,5.0,0.0,12.0,8.0,0.0,91.0364238410596,91.3543046357616,15.256038647342995,15.217391304347826,28,0,5,0,361
213,2016,1,2,1,1,2.0,128.0,89.0,63.0,28.0,4.0,0.0,9.0,6.0,3.0,1.0,9.0,18.0,361.0,130.0,41.0,20.0,37,0,0,0,361
214,2016,1,1,1,1,9.0,103.0,59.0,17.0,17.0,0.0,0.0,31.0,4.0,25.0,9.0,10.0,2.0,0.0,41.0,0.0,11.0,42,0,0,0,361
215,2016,4,2,1,1,7.0,130.0,91.0,48.0,59.0,1.0,0.0,10.0,5.0,21.0,8.0,11.0,14.0,53.0,43.0,11.0,10.0,24,0,0,4,361
216,2016,1,1,1,3,10.221461187214611,115.40182648401826,67.02054794520548,55.87671232876713,44.09132420091324,21.621004566210047,4.993150684931507,18.639269406392692,5.472602739726027,13.0,7.0,12.0,24.0,120.0,31.0,27.0,7.0,32,0,0,0,10
217,2016,1,2,1,1,10.221461187214611,115.40182648401826,67.02054794520548,55.87671232876713,44.09132420091324,21.621004566210047,4.993150684931507,18.639269406392692,5.472602739726027,0.0,18.0,13.0,0.0,91.0364238410596,91.3543046357616,15.256038647342995,15.217391304347826,5,0,0,0,361
218,2016,1,1,1,1,8.0,96.0,76.0,58.0,34.0,5.0,0.0,14.0,4.0,17.0,6.0,14.0,4.0,73.0,44.0,13.0,11.0,6,0,4,0,361
219,2016,1,2,1,1,10.221461187214611,115.40182648401826,67.02054794520548,55.87671232876713,44.09132420091324,21.621004566210047,4.993150684931507,18.639269406392692,5.472602739726027,0.0,13.0,15.0,0.0,91.0364238410596,91.3543046357616,15.256038647342995,15.217391304347826,39,1,1,2,361
220,2016,1,1,1,1,4.0,134.0,54.0,54.0,29.0,4.0,0.0,25.0,8.0,0.0,14.0,16.0,0.0,91.0364238410596,91.3543046357616,15.256038647342995,15.217391304347826,2,0,0,0,361
221,2016,1,3,3,16,24.0,84.0,73.0,30.0,48.0,34.0,0.0,9.0,12.0,0.0,11.0,17.0,0.0,91.0364238410596,91.3543046357616,15.256038647342995,15.217391304347826,44,0,0,1,3
222,2016,1,1,1,1,16.0,124.0,81.0,38.0,18.0,0.0,0.0,13.0,5.0,12.0,3.0,18.0,22.0,16.0,137.0,3.0,23.0,4,1,0,0,361
223,2016,1,2,1,1,21.0,115.0,55.0,68.0,52.0,3.0,0.0,9.0,7.0,15.0,8.0,1.0,20.0,63.0,69.0,13.0,14.0,23,0,0,0,361
224,2016,1,2,1,1,5.0,83.0,67.0,49.0,25.0,9.0,0.0,8.0,3.0,8.0,6.0,2.0,12.0,222.0,7.0,35.0,4.0,30,0,0,4,361
225,2016,1,1,1,1,20.0,81.0,67.0,57.0,45.0,16.0,0.0,43.0,4.0,0.0,18.0,3.0,0.0,91.0364238410596,91.3543046357616,15.256038647342995,15.217391304347826,21,0,0,0,361
226,2016,2,2,1,1,9.0,70.0,41.0,43.0,36.0,62.0,0.0,12.0,3.0,14.0,7.0,4.0,7.0,11.0,124.0,3.0,25.0,7,2,0,0,361
227,2016,1,2,1,1,4.0,93.0,76.0,49.0,29.0,0.0,0.0,15.0,3.0,0.0,12.0,5.0,0.0,91.0364238410596,91.3543046357616,15.256038647342995,15.217391304347826,29,0,0,0,361
228,2016,1,1,1,1,10.221461187214611,115.40182648401826,67.02054794520548,55.87671232876713,44.09132420091324,21.621004566210047,4.993150684931507,18.639269406392692,5.472602739726027,18.0,10.0,6.0,15.0,80.0,35.0,8.0,7.0,27,1,4,0,361
229,2016,1,2,1,1,9.0,125.0,9.0,62.0,48.0,4.0,0.0,26.0,3.0,0.0,15.0,7.0,0.0,91.0364238410596,91.3543046357616,15.256038647342995,15.217391304347826,3,0,0,3,361
230,2016,2,1,1,13,3.0,132.0,51.0,52.0,17.0,17.0,0.0,11.0,5.0,0.0,11.0,8.0,0.0,91.0364238410596,91.3543046357616,15.256038647342995,15.217391304347826,38,0,4,1,4
231,2016,2,2,1,1,14.0,134.0,77.0,48.0,61.0,0.0,0.0,31.0,4.0,9.0,4.0,9.0,16.0,96.0,104.0,17.0,22.0,22,0,0,0,361
232,2016,1,1,1,1,6.0,136.0,82.0,52.0,32.0,34.0,0.0,10.0,7.0,2.0,1.0,10.0,13.0,191.0,320.0,37.0,38.0,43,0,0,0,361
233,2016,1,1,1,1,3.0,145.0,81.0,51.0,22.0,9.0,0.0,35.0,4.0,0.0,14.0,11.0,0.0,91.0364238410596,91.3543046357616,15.256038647342995,15.217391304347826,20,1,0,0,361
234,2016,3,1,1,68,1.0,110.0,83.0,61.0,52.0,2.0,0.0,22.0,3.0,4.0,5.0,12.0,8.0,180.0,127.0,34.0,23.0,40,0,0,0,1
235,2016,1,2,3,1,13.0,127.0,70.0,65.0,39.0,2.0,0.0,6.0,5.0,0.0,17.0,13.0,0.0,91.0364238410596,91.3543046357616,15.256038647342995,15.217391304347826,13,0,0,0,361
236,2016,1,1,1,69,24.0,120.0,51.0,81.0,47.0,60.0,1.0,24.0,6.0,1.0,2.0,14.0,21.0,323.0,211.0,40.0,24.0,36,0,0,0,1
237,2016,3,1,1,1,17.0,125.0,72.0,43.0,18.0,1.0,0.0,11.0,4.0,0.0,13.0,15.0,0.0,91.0364238410596,91.3543046357616,15.256038647342995,15.217391304347826,10,1,0,0,361
238,2016,4,2,1,1,10.221461187214611,115.40182648401826,67.02054794520548,55.87671232876713,44.09132420091324,21.621004566210047,4.993150684931507,18.639269406392692,5.472602739726027,20.0,9.0,16.0,23.0,24.0,80.0,6.0,12.0,26,0,0,3,361
239,2016,1,1,1,1,10.221461187214611,115.40182648401826,67.02054794520548,55.87671232876713,44.09132420091324,21.621004566210047,4.993150684931507,18.639269406392692,5.472602739726027,0.0,16.0,17.0,0.0,91.0364238410596,91.3543046357616,15.256038647342995,15.217391304347826,1,0,3,0,361
240,2016,1,1,1,1,23.0,117.0,81.0,75.0,76.0,2.0,0.0,7.0,10.0,10.0,3.0,18.0,1.0,51.0,130.0,9.0,20.0,9,0,4,0,361
241,2016,1,1,1,17,1.0,150.0,78.0,29.0,34.0,2.0,0.0,17.0,4.0,16.0,0.0,0.0,6.0,34.0,90.0,8.0,14.0,33,0,0,0,3
242,2016,1,2,1,1,5.0,120.0,85.0,73.0,12.0,16.0,1.0,10.0,5.0,5.0,0.0,0.0,9.0,139.0,122.0,29.0,17.0,12,0,0,0,361
243,2016,1,1,1,1,7.0,170.0,60.0,47.0,21.0,33.0,0.0,7.0,4.0,26.0,0.0,0.0,10.0,10.0,1.0,2.0,1.0,15,0,0,0,361
244,2016,1,2,1,8,10.221461187214611,115.40182648401826,67.02054794520548,55.87671232876713,44.09132420091324,21.621004566210047,4.993150684931507,18.639269406392692,5.472602739726027,6.0,0.0,0.0,11.0,109.0,148.0,26.0,26.0,19,0,0,0,5
245,2016,1,1,1,1,8.0,125.0,79.0,63.0,53.0,2.0,0.0,10.0,3.0,22.0,0.0,0.0,19.0,10.0,67.0,5.0,15.0,14,0,4,0,361
246,2016,1,2,2,1,22.0,128.0,87.0,53.0,34.0,0.0,0.0,17.0,5.0,24.0,0.0,0.0,25.0,8.0,54.0,3.0,10.0,18,0,0,2,361
247,2015,1,2,1,1,13.0,103.0,81.0,44.0,87.0,3.0,0.0,15.0,4.0,0.0,11.0,1.0,0.0,91.0364238410596,91.3543046357616,15.256038647342995,15.217391304347826,16,3,2,0,361
248,2015,1,3,6,1,10.221461187214611,115.40182648401826,67.02054794520548,55.87671232876713,44.09132420091324,21.621004566210047,4.993150684931507,18.639269406392692,5.472602739726027,16.0,7.0,2.0,6.0,15.0,77.0,11.0,4.0,31,0,0,0,361
249,2015,1,2,1,1,3.0,90.0,51.0,82.0,31.0,8.0,0.0,7.0,4.0,4.0,2.0,3.0,13.0,186.0,190.0,37.0,31.0,9,0,5,0,361
250,2015,1,1,1,1,10.221461187214611,115.40182648401826,67.02054794520548,55.87671232876713,44.09132420091324,21.621004566210047,4.993150684931507,18.639269406392692,5.472602739726027,0.0,14.0,4.0,0.0,91.0364238410596,91.3543046357616,15.256038647342995,15.217391304347826,17,0,4,0,361
251,2015,4,2,1,24,1.0,97.0,85.0,39.0,80.0,0.0,0.0,36.0,5.0,0.0,16.0,5.0,0.0,91.0364238410596,91.3543046357616,15.256038647342995,15.217391304347826,8,0,0,3,2
252,2015,2,1,1,1,4.0,69.0,60.0,22.0,31.0,18.0,0.0,41.0,4.0,19.0,6.0,6.0,15.0,29.0,24.0,4.0,5.0,11,0,0,1,361
253,2015,1,3,2,1,9.0,138.0,83.0,63.0,70.0,38.0,0.0,39.0,5.0,7.0,3.0,7.0,4.0,53.0,144.0,32.0,16.0,5,0,0,0,361
254,2015,1,2,1,1,1.0,120.0,64.0,60.0,40.0,63.0,0.0,9.0,3.0,0.0,15.0,8.0,0.0,91.0364238410596,91.3543046357616,15.256038647342995,15.217391304347826,38,0,3,0,361
255,2015,1,1,1,1,10.221461187214611,115.40182648401826,67.02054794520548,55.87671232876713,44.09132420091324,21.621004566210047,4.993150684931507,18.639269406392692,5.472602739726027,10.0,9.0,9.0,8.0,12.0,86.0,16.0,4.0,27,0,4,0,361
256,2015,1,1,1,1,12.0,97.0,15.0,45.0,22.0,83.0,0.0,16.0,3.0,20.0,8.0,10.0,22.0,29.0,17.0,4.0,8.0,41,0,4,0,361
257,2015,1,2,1,1,9.0,130.0,84.0,56.0,51.0,10.0,0.0,27.0,4.0,0.0,12.0,11.0,0.0,91.0364238410596,91.3543046357616,15.256038647342995,15.217391304347826,29,0,0,1,361
258,2015,1,1,1,1,3.0,76.0,66.0,43.0,32.0,18.0,0.0,17.0,3.0,2.0,1.0,12.0,25.0,234.0,286.0,38.0,32.0,37,0,2,3,361
259,2015,1,2,1,1,1.0,125.0,78.0,58.0,84.0,9.0,0.0,24.0,3.0,0.0,13.0,13.0,0.0,91.0364238410596,91.3543046357616,15.256038647342995,15.217391304347826,13,0,2,3,361
260,2015,1,1,1,1,10.221461187214611,115.40182648401826,67.02054794520548,55.87671232876713,44.09132420091324,21.621004566210047,4.993150684931507,18.639269406392692,5.472602739726027,17.0,10.0,14.0,26.0,4.0,93.0,12.0,2.0,1,0,3,0,361
261,2015,1,2,1,19,22.0,98.0,56.0,57.0,16.0,49.0,0.0,13.0,3.0,15.0,5.0,15.0,20.0,21.0,69.0,12.0,4.0,25,0,0,4,3
262,2015,1,1,1,1,8.0,141.0,91.0,46.0,39.0,1.0,0.0,22.0,10.0,11.0,4.0,16.0,23.0,62.0,51.0,12.0,13.0,26,0,0,0,361
263,2015,1,3,2,1,13.0,131.0,87.0,56.0,32.0,0.0,0.0,11.0,6.0,18.0,7.0,1.0,7.0,31.0,44.0,6.0,9.0,22,0,4,0,361
264,2015,2,1,1,1,1.0,79.0,49.0,56.0,24.0,27.0,0.0,30.0,3.0,0.0,12.0,2.0,0.0,91.0364238410596,91.3543046357616,15.256038647342995,15.217391304347826,3,0,2,3,361
265,2015,1,3,2,1,10.221461187214611,115.40182648401826,67.02054794520548,55.87671232876713,44.09132420091324,21.621004566210047,4.993150684931507,18.639269406392692,5.472602739726027,0.0,16.0,3.0,0.0,91.0364238410596,91.3543046357616,15.256038647342995,15.217391304347826,28,0,4,0,361
266,2015,5,2,1,12,17.0,95.0,56.0,34.0,29.0,63.0,0.0,6.0,3.0,13.0,9.0,4.0,16.0,44.0,34.0,5.0,9.0,39,0,5,0,4
267,2015,2,1,1,1,10.221461187214611,115.40182648401826,67.02054794520548,55.87671232876713,44.09132420091324,21.621004566210047,4.993150684931507,18.639269406392692,5.472602739726027,0.0,11.0,5.0,0.0,91.0364238410596,91.3543046357616,15.256038647342995,15.217391304347826,4,0,0,0,361
268,2015,2,3,2,1,20.0,147.0,31.0,31.0,17.0,46.0,0.0,10.0,3.0,8.0,4.0,6.0,9.0,163.0,37.0,10.0,24.0,10,0,0,0,361
269,2015,2,1,1,4,10.221461187214611,115.40182648401826,67.02054794520548,55.87671232876713,44.09132420091324,21.621004566210047,4.993150684931507,18.639269406392692,5.472602739726027,0.0,14.0,7.0,0.0,91.0364238410596,91.3543046357616,15.256038647342995,15.217391304347826,35,0,4,0,9
270,2015,2,3,2,1,10.221461187214611,115.40182648401826,67.02054794520548,55.87671232876713,44.09132420091324,21.621004566210047,4.993150684931507,18.639269406392692,5.472602739726027,0.0,13.0,8.0,0.0,91.0364238410596,91.3543046357616,15.256038647342995,15.217391304347826,42,0,0,0,361
271,2015,1,2,1,1,20.0,115.0,83.0,72.0,70.0,18.0,0.0,7.0,6.0,9.0,3.0,9.0,3.0,77.0,102.0,31.0,17.0,7,3,2,0,361
272,2015,1,1,1,1,9.0,144.0,29.0,45.0,16.0,12.0,2.0,12.0,5.0,6.0,2.0,10.0,19.0,249.0,88.0,22.0,35.0,23,0,3,0,361
273,2015,2,2,1,1,12.0,106.0,67.0,48.0,19.0,6.0,0.0,31.0,4.0,12.0,10.0,11.0,24.0,40.0,48.0,8.0,8.0,6,2,0,0,361
274,2015,1,1,1,1,13.0,97.0,61.0,27.0,46.0,10.0,0.0,30.0,5.0,0.0,15.0,12.0,0.0,91.0364238410596,91.3543046357616,15.256038647342995,15.217391304347826,2,0,5,0,361
275,2015,1,2,1,1,3.0,124.0,79.0,48.0,37.0,7.0,0.0,5.0,4.0,1.0,1.0,13.0,10.0,353.0,272.0,38.0,37.0,12,0,0,0,361
276,2015,1,1,1,1,6.0,140.0,67.0,60.0,45.0,1.0,0.0,14.0,4.0,0.0,17.0,14.0,0.0,91.0364238410596,91.3543046357616,15.256038647342995,15.217391304347826,21,0,0,4,361
277,2015,2,2,1,1,24.0,90.0,38.0,35.0,46.0,55.0,0.0,37.0,3.0,22.0,6.0,15.0,11.0,63.0,8.0,1.0,15.0,24,0,0,0,361
278,2015,1,1,1,1,6.0,158.0,76.0,29.0,54.0,1.0,0.0,38.0,17.0,14.0,5.0,16.0,1.0,36.0,27.0,6.0,10.0,20,1,0,1,361
279,2015,2,1,1,1,21.0,82.0,64.0,34.0,13.0,15.0,0.0,18.0,4.0,23.0,8.0,17.0,18.0,2.0,47.0,10.0,1.0,30,0,3,1,361
280,2015,2,1,1,3,5.0,126.0,51.0,54.0,21.0,75.0,0.0,10.0,3.0,25.0,0.0,0.0,2.0,24.0,3.0,1.0,8.0,19,0,0,4,10
281,2015,1,3,2,1,1.0,117.0,81.0,75.0,74.0,3.0,0.0,8.0,6.0,24.0,0.0,0.0,5.0,12.0,4.0,2.0,6.0,18,0,4,0,361
282,2015,2,2,1,1,21.0,83.0,50.0,52.0,25.0,31.0,0.0,10.0,3.0,26.0,0.0,0.0,14.0,40.0,0.0,0.0,12.0,32,0,0,2,361
283,2015,1,1,1,1,21.0,172.0,86.0,61.0,81.0,0.0,0.0,15.0,9.0,27.0,0.0,0.0,17.0,24.0,5.0,2.0,7.0,15,0,4,0,361
284,2015,2,1,1,5,16.0,127.0,70.0,45.0,11.0,14.0,0.0,10.0,3.0,21.0,0.0,0.0,21.0,6.0,26.0,8.0,3.0,14,1,0,0,8
285,2015,2,2,3,2,21.0,142.0,60.0,46.0,15.0,6.0,0.0,15.0,3.0,3.0,0.0,0.0,27.0,171.0,356.0,38.0,27.0,33,0,0,0,10
286,2014,2,2,1,1,10.0,70.0,63.0,45.0,20.0,28.0,95.0,20.0,3.0,4.0,4.0,1.0,7.0,113.0,187.0,26.0,19.0,31,0,0,0,361
287,2014,1,2,2,1,11.0,99.0,69.0,59.0,81.0,63.0,0.0,13.0,7.0,0.0,13.0,2.0,0.0,91.0364238410596,91.3543046357616,15.256038647342995,15.217391304347826,23,0,0,2,361
288,2014,3,1,1,1,8.0,128.0,63.0,64.0,14.0,1.0,43.0,12.0,4.0,0.0,12.0,3.0,0.0,91.0364238410596,91.3543046357616,15.256038647342995,15.217391304347826,5,1,0,0,361
289,2014,2,1,1,1,11.0,122.0,49.0,58.0,26.0,40.0,0.0,8.0,4.0,3.0,2.0,4.0,13.0,199.0,173.0,32.0,25.0,12,0,0,0,361
290,2014,4,2,3,1,3.0,108.0,93.0,71.0,76.0,11.0,0.0,26.0,9.0,15.0,8.0,5.0,4.0,59.0,38.0,9.0,9.0,2,0,2,1,361
291,2014,2,1,1,1,10.221461187214611,115.40182648401826,67.02054794520548,55.87671232876713,44.09132420091324,21.621004566210047,4.993150684931507,18.639269406392692,5.472602739726027,0.0,15.0,6.0,0.0,91.0364238410596,91.3543046357616,15.256038647342995,15.217391304347826,1,0,2,2,361
292,2014,1,1,2,1,6.0,120.0,87.0,63.0,71.0,22.0,0.0,10.0,3.0,7.0,6.0,7.0,15.0,62.0,132.0,18.0,11.0,37,0,0,0,361
293,2014,2,1,1,1,2.0,85.0,32.0,30.0,31.0,83.0,0.0,18.0,3.0,22.0,9.0,8.0,3.0,101.0,14.0,3.0,22.0,6,1,0,0,361
294,2014,1,1,1,1,17.0,125.0,90.0,70.0,73.0,1.0,0.0,6.0,4.0,6.0,5.0,9.0,1.0,72.0,112.0,19.0,14.0,36,1,0,0,361
295,2014,2,2,1,1,6.0,87.0,33.0,31.0,25.0,86.0,0.0,10.0,3.0,0.0,14.0,10.0,0.0,91.0364238410596,91.3543046357616,15.256038647342995,15.217391304347826,9,1,0,0,361
296,2014,2,1,1,1,10.221461187214611,115.40182648401826,67.02054794520548,55.87671232876713,44.09132420091324,21.621004566210047,4.993150684931507,18.639269406392692,5.472602739726027,0.0,16.0,11.0,0.0,91.0364238410596,91.3543046357616,15.256038647342995,15.217391304347826,16,4,0,0,361
297,2014,2,1,2,1,10.221461187214611,115.40182648401826,67.02054794520548,55.87671232876713,44.09132420091324,21.621004566210047,4.993150684931507,18.639269406392692,5.472602739726027,24.0,10.0,12.0,25.0,16.0,15.0,7.0,3.0,28,0,0,1,361
298,2014,1,1,1,4,10.221461187214611,115.40182648401826,67.02054794520548,55.87671232876713,44.09132420091324,21.621004566210047,4.993150684931507,18.639269406392692,5.472602739726027,0.0,11.0,13.0,0.0,91.0364238410596,91.3543046357616,15.256038647342995,15.217391304347826,35,2,2,1,9
299,2014,5,3,2,1,11.0,116.0,37.0,71.0,43.0,52.0,23.0,11.0,3.0,2.0,1.0,14.0,24.0,91.0364238410596,91.3543046357616,15.256038647342995,15.217391304347826,17,0,0,3,361
300,2014,2,2,1,12,10.0,53.0,58.0,19.0,23.0,32.0,0.0,11.0,4.0,19.0,7.0,15.0,8.0,48.0,27.0,3.0,9.0,39,1,3,0,4
301,2014,1,2,1,1,10.221461187214611,115.40182648401826,67.02054794520548,55.87671232876713,44.09132420091324,21.621004566210047,4.993150684931507,18.639269406392692,5.472602739726027,5.0,3.0,16.0,21.0,138.0,83.0,21.0,21.0,41,2,0,0,361
302,2014,5,3,2,1,10.221461187214611,115.40182648401826,67.02054794520548,55.87671232876713,44.09132420091324,21.621004566210047,4.993150684931507,18.639269406392692,5.472602739726027,23.0,9.0,1.0,22.0,119.0,12.0,4.0,22.0,4,0,0,4,361
303,2014,1,1,1,25,10.221461187214611,115.40182648401826,67.02054794520548,55.87671232876713,44.09132420091324,21.621004566210047,4.993150684931507,18.639269406392692,5.472602739726027,0.0,14.0,2.0,0.0,91.0364238410596,91.3543046357616,15.256038647342995,15.217391304347826,7,2,0,0,2
304,2014,2,2,1,1,14.0,75.0,20.0,35.0,24.0,86.0,0.0,10.0,4.0,8.0,6.0,3.0,5.0,102.0,39.0,13.0,18.0,10,0,0,1,361
305,2014,5,3,2,1,10.221461187214611,115.40182648401826,67.02054794520548,55.87671232876713,44.09132420091324,21.621004566210047,4.993150684931507,18.639269406392692,5.472602739726027,0.0,15.0,4.0,0.0,91.0364238410596,91.3543046357616,15.256038647342995,15.217391304347826,26,1,0,1,361
306,2014,5,1,1,29,3.0,156.0,85.0,68.0,68.0,26.0,0.0,38.0,10.0,14.0,8.0,5.0,9.0,23.0,162.0,23.0,6.0,30,5,0,0,2
307,2014,2,2,1,1,4.0,82.0,45.0,43.0,21.0,8.0,0.0,13.0,3.0,1.0,1.0,6.0,11.0,214.0,306.0,34.0,26.0,32,0,0,0,361
308,2014,1,1,1,1,10.221461187214611,115.40182648401826,67.02054794520548,55.87671232876713,44.09132420091324,21.621004566210047,4.993150684931507,18.639269406392692,5.472602739726027,0.0,11.0,7.0,0.0,91.0364238410596,91.3543046357616,15.256038647342995,15.217391304347826,22,1,3,0,361
309,2014,4,2,1,1,1.0,146.0,88.0,56.0,37.0,0.0,0.0,25.0,6.0,11.0,3.0,8.0,18.0,114.0,36.0,7.0,19.0,8,0,0,4,361
310,2014,1,1,1,1,1.0,120.0,84.0,68.0,74.0,29.0,0.0,19.0,3.0,0.0,12.0,9.0,0.0,91.0364238410596,91.3543046357616,15.256038647342995,15.217391304347826,3,2,2,1,361
311,2014,1,2,1,1,20.0,95.0,80.0,80.0,89.0,18.0,0.0,7.0,7.0,16.0,5.0,10.0,2.0,50.0,56.0,10.0,9.0,29,0,4,0,361
312,2014,1,1,1,1,20.0,128.0,88.0,55.0,74.0,0.0,0.0,10.0,5.0,0.0,13.0,11.0,0.0,91.0364238410596,91.3543046357616,15.256038647342995,15.217391304347826,38,1,3,0,361
313,2014,1,2,1,1,6.0,88.0,89.0,57.0,92.0,14.0,0.0,10.0,7.0,13.0,4.0,12.0,20.0,26.0,114.0,29.0,5.0,21,0,0,5,361
314,2014,3,2,2,1,10.0,128.0,82.0,67.0,65.0,4.0,0.0,39.0,6.0,20.0,7.0,13.0,10.0,45.0,41.0,11.0,11.0,11,0,0,1,361
315,2014,1,1,1,26,13.0,120.0,63.0,54.0,25.0,2.0,0.0,22.0,3.0,25.0,10.0,14.0,17.0,21.0,15.0,2.0,7.0,20,0,3,0,2
316,2014,3,3,2,1,14.0,135.0,87.0,55.0,35.0,2.0,0.0,18.0,4.0,12.0,2.0,15.0,6.0,51.0,103.0,16.0,9.0,25,0,0,0,361
317,2014,5,1,1,1,10.221461187214611,115.40182648401826,67.02054794520548,55.87671232876713,44.09132420091324,21.621004566210047,4.993150684931507,18.639269406392692,5.472602739726027,18.0,0.0,0.0,12.0,56.0,27.0,6.0,12.0,15,0,0,2,361
318,2014,3,2,1,3,16.0,128.0,89.0,66.0,79.0,0.0,0.0,9.0,4.0,26.0,0.0,0.0,14.0,5.0,1.0,1.0,2.0,19,2,1,2,10
319,2014,4,1,1,2,10.221461187214611,115.40182648401826,67.02054794520548,55.87671232876713,44.09132420091324,21.621004566210047,4.993150684931507,18.639269406392692,5.472602739726027,21.0,0.0,0.0,16.0,37.0,22.0,4.0,5.0,33,0,0,4,10
320,2014,2,1,1,33,1.0,130.0,67.0,60.0,42.0,68.0,0.0,10.0,4.0,10.0,0.0,0.0,19.0,83.0,29.0,7.0,21.0,14,0,0,0,2
321,2014,1,2,1,1,13.0,112.0,84.0,78.0,71.0,5.0,0.0,5.0,6.0,9.0,0.0,0.0,23.0,85.0,42.0,12.0,16.0,13,2,3,0,361
322,2014,1,1,1,1,10.221461187214611,115.40182648401826,67.02054794520548,55.87671232876713,44.09132420091324,21.621004566210047,4.993150684931507,18.639269406392692,5.472602739726027,17.0,0.0,0.0,26.0,49.0,24.0,5.0,12.0,18,0,4,1,361
323,2013,1,1,1,1,2.0,122.0,92.0,62.0,62.0,0.0,0.0,7.0,7.0,0.0,14.0,1.0,0.0,91.0364238410596,91.3543046357616,15.256038647342995,15.217391304347826,32,0,5,0,361
324,2013,2,1,1,20,18.0,78.0,59.0,47.0,32.0,77.0,0.0,7.0,3.0,20.0,10.0,2.0,7.0,91.0364238410596,91.3543046357616,15.256038647342995,15.217391304347826,5,0,3,0,3
325,2013,3,1,1,1,12.0,128.0,80.0,55.0,11.0,0.0,0.0,8.0,5.0,0.0,16.0,3.0,0.0,91.0364238410596,91.3543046357616,15.256038647342995,15.217391304347826,20,3,0,0,361
326,2013,5,2,6,11,11.0,100.0,52.0,29.0,29.0,29.0,0.0,16.0,4.0,0.0,13.0,4.0,0.0,91.0364238410596,91.3543046357616,15.256038647342995,15.217391304347826,34,0,0,0,4
327,2013,1,1,1,1,1.0,128.0,86.0,62.0,23.0,0.0,89.0,36.0,3.0,1.0,1.0,5.0,18.0,91.0364238410596,91.3543046357616,15.256038647342995,15.217391304347826,13,0,3,2,361
328,2013,2,1,1,1,10.221461187214611,115.40182648401826,67.02054794520548,55.87671232876713,44.09132420091324,21.621004566210047,4.993150684931507,18.639269406392692,5.472602739726027,5.0,2.0,6.0,10.0,91.0364238410596,91.3543046357616,15.256038647342995,15.217391304347826,37,0,4,0,361
329,2013,1,1,1,1,1.0,176.0,78.0,32.0,46.0,52.0,0.0,29.0,8.0,3.0,3.0,7.0,22.0,91.0364238410596,91.3543046357616,15.256038647342995,15.217391304347826,36,1,4,0,361
330,2013,2,1,1,1,23.0,85.0,41.0,17.0,9.0,61.0,0.0,11.0,3.0,9.0,6.0,8.0,13.0,91.0364238410596,91.3543046357616,15.256038647342995,15.217391304347826,17,0,3,0,361
331,2013,3,3,3,12,10.221461187214611,115.40182648401826,67.02054794520548,55.87671232876713,44.09132420091324,21.621004566210047,4.993150684931507,18.639269406392692,5.472602739726027,0.0,12.0,9.0,0.0,91.0364238410596,91.3543046357616,15.256038647342995,15.217391304347826,39,0,0,0,4
332,2013,3,2,1,1,18.0,130.0,74.0,53.0,52.0,3.0,0.0,10.0,3.0,22.0,9.0,10.0,2.0,91.0364238410596,91.3543046357616,15.256038647342995,15.217391304347826,22,0,4,0,361
333,2013,3,1,1,1,2.0,95.0,91.0,81.0,60.0,2.0,0.0,28.0,5.0,16.0,7.0,11.0,8.0,91.0364238410596,91.3543046357616,15.256038647342995,15.217391304347826,29,2,3,0,361
334,2013,2,1,1,70,4.0,128.0,72.0,62.0,31.0,56.0,0.0,18.0,3.0,11.0,4.0,12.0,3.0,91.0364238410596,91.3543046357616,15.256038647342995,15.217391304347826,16,3,0,1,1
335,2013,1,2,1,1,10.0,128.0,83.0,54.0,35.0,0.0,0.0,19.0,7.0,26.0,8.0,13.0,26.0,91.0364238410596,91.3543046357616,15.256038647342995,15.217391304347826,3,0,2,3,361
336,2013,2,1,1,9,4.0,105.0,72.0,63.0,54.0,34.0,0.0,12.0,3.0,0.0,15.0,14.0,0.0,91.0364238410596,91.3543046357616,15.256038647342995,15.217391304347826,24,0,0,0,5
337,2013,1,2,1,1,11.0,132.0,68.0,46.0,35.0,1.0,0.0,17.0,3.0,12.0,5.0,15.0,6.0,91.0364238410596,91.3543046357616,15.256038647342995,15.217391304347826,9,2,3,0,361
338,2013,3,1,3,6,10.221461187214611,115.40182648401826,67.02054794520548,55.87671232876713,44.09132420091324,21.621004566210047,4.993150684931507,18.639269406392692,5.472602739726027,0.0,11.0,16.0,0.0,91.0364238410596,91.3543046357616,15.256038647342995,15.217391304347826,27,0,3,0,8
339,2013,3,2,2,1,10.221461187214611,115.40182648401826,67.02054794520548,55.87671232876713,44.09132420091324,21.621004566210047,4.993150684931507,18.639269406392692,5.472602739726027,0.0,17.0,1.0,0.0,91.0364238410596,91.3543046357616,15.256038647342995,15.217391304347826,23,0,0,2,361
340,2013,2,1,1,2,16.0,152.0,83.0,35.0,60.0,45.0,0.0,15.0,7.0,0.0,11.0,2.0,0.0,91.0364238410596,91.3543046357616,15.256038647342995,15.217391304347826,28,2,0,0,10
341,2013,5,3,2,63,19.0,125.0,91.0,56.0,28.0,0.0,0.0,33.0,4.0,0.0,16.0,3.0,0.0,91.0364238410596,91.3543046357616,15.256038647342995,15.217391304347826,38,0,2,0,1
342,2013,2,2,1,1,7.0,90.0,78.0,51.0,36.0,1.0,0.0,18.0,3.0,2.0,1.0,4.0,20.0,91.0364238410596,91.3543046357616,15.256038647342995,15.217391304347826,6,2,0,0,361
343,2013,1,1,1,1,17.0,145.0,74.0,80.0,84.0,0.0,0.0,7.0,14.0,24.0,9.0,5.0,4.0,91.0364238410596,91.3543046357616,15.256038647342995,15.217391304347826,8,3,2,0,361
344,2013,1,2,1,1,14.0,100.0,64.0,72.0,83.0,73.0,0.0,9.0,3.0,8.0,4.0,6.0,9.0,91.0364238410596,91.3543046357616,15.256038647342995,15.217391304347826,4,0,3,0,361
345,2013,5,3,2,21,5.0,130.0,93.0,64.0,74.0,1.0,0.0,9.0,9.0,0.0,12.0,7.0,0.0,91.0364238410596,91.3543046357616,15.256038647342995,15.217391304347826,40,0,3,0,3
346,2013,5,2,1,18,14.0,75.0,34.0,49.0,39.0,50.0,0.0,12.0,3.0,17.0,6.0,8.0,19.0,91.0364238410596,91.3543046357616,15.256038647342995,15.217391304347826,2,0,0,0,3
347,2013,5,2,4,9,4.0,172.0,94.0,57.0,73.0,1.0,0.0,3.0,4.0,6.0,2.0,9.0,21.0,91.0364238410596,91.3543046357616,15.256038647342995,15.217391304347826,11,0,0,2,5
348,2013,2,1,1,35,7.0,105.0,79.0,60.0,32.0,47.0,0.0,52.0,5.0,0.0,14.0,10.0,0.0,91.0364238410596,91.3543046357616,15.256038647342995,15.217391304347826,7,0,2,1,2
349,2013,4,2,1,1,10.221461187214611,115.40182648401826,67.02054794520548,55.87671232876713,44.09132420091324,21.621004566210047,4.993150684931507,18.639269406392692,5.472602739726027,18.0,7.0,11.0,12.0,91.0364238410596,91.3543046357616,15.256038647342995,15.217391304347826,31,0,0,4,361
350,2013,1,2,1,14,1.0,82.0,21.0,66.0,44.0,77.0,0.0,11.0,4.0,10.0,8.0,12.0,17.0,91.0364238410596,91.3543046357616,15.256038647342995,15.217391304347826,41,0,1,1,4
351,2013,3,1,1,1,2.0,96.0,95.0,34.0,40.0,0.0,0.0,24.0,42.0,4.0,3.0,13.0,24.0,91.0364238410596,91.3543046357616,15.256038647342995,15.217391304347826,10,0,3,1,361
352,2013,4,2,2,10,10.221461187214611,115.40182648401826,67.02054794520548,55.87671232876713,44.09132420091324,21.621004566210047,4.993150684931507,18.639269406392692,5.472602739726027,0.0,15.0,14.0,0.0,91.0364238410596,91.3543046357616,15.256038647342995,15.217391304347826,1,0,0,3,5
353,2013,2,3,2,1,18.0,138.0,32.0,34.0,19.0,69.0,0.0,17.0,3.0,15.0,10.0,15.0,25.0,91.0364238410596,91.3543046357616,15.256038647342995,15.217391304347826,26,0,3,0,361
354,2013,1,3,2,1,15.0,134.0,76.0,58.0,69.0,0.0,88.0,5.0,4.0,0.0,13.0,16.0,0.0,91.0364238410596,91.3543046357616,15.256038647342995,15.217391304347826,21,0,0,4,361
355,2013,3,2,1,1,2.0,135.0,91.0,50.0,54.0,20.0,0.0,13.0,9.0,13.0,5.0,17.0,14.0,91.0364238410596,91.3543046357616,15.256038647342995,15.217391304347826,25,3,0,0,361
356,2013,4,1,1,3,20.0,90.0,62.0,55.0,34.0,1.0,0.0,33.0,3.0,23.0,0.0,0.0,1.0,91.0364238410596,91.3543046357616,15.256038647342995,15.217391304347826,19,0,3,0,10
357,2013,4,1,1,5,10.221461187214611,115.40182648401826,67.02054794520548,55.87671232876713,44.09132420091324,21.621004566210047,4.993150684931507,18.639269406392692,5.472602739726027,25.0,0.0,0.0,5.0,91.0364238410596,91.3543046357616,15.256038647342995,15.217391304347826,14,0,0,5,8
358,2013,3,1,1,1,10.221461187214611,115.40182648401826,67.02054794520548,55.87671232876713,44.09132420091324,21.621004566210047,4.993150684931507,18.639269406392692,5.472602739726027,21.0,0.0,0.0,11.0,91.0364238410596,91.3543046357616,15.256038647342995,15.217391304347826,15,2,0,0,361
359,2013,4,1,1,1,13.0,129.0,64.0,60.0,21.0,33.0,0.0,9.0,3.0,19.0,0.0,0.0,15.0,91.0364238410596,91.3543046357616,15.256038647342995,15.217391304347826,18,0,0,5,361
360,2013,3,2,1,1,10.221461187214611,115.40182648401826,67.02054794520548,55.87671232876713,44.09132420091324,21.621004566210047,4.993150684931507,18.639269406392692,5.472602739726027,14.0,0.0,0.0,16.0,91.0364238410596,91.3543046357616,15.256038647342995,15.217391304347826,12,3,2,0,361
361,2013,2,2,1,2,11.0,126.0,63.0,56.0,15.0,20.0,0.0,11.0,4.0,7.0,0.0,0.0,23.0,91.0364238410596,91.3543046357616,15.256038647342995,15.217391304347826,33,0,0,0,10
362,2012,5,2,1,1,10.221461187214611,115.40182648401826,67.02054794520548,55.87671232876713,44.09132420091324,21.621004566210047,4.993150684931507,18.639269406392692,5.472602739726027,0.0,15.0,1.0,0.0,91.0364238410596,91.3543046357616,15.256038647342995,15.217391304347826,39,0,3,2,361
363,2012,2,3,2,1,10.0,101.0,73.0,34.0,48.0,14.0,0.0,5.0,3.0,20.0,8.0,2.0,7.0,39.0,53.0,15.256038647342995,15.217391304347826,2,0,4,0,361
364,2012,3,1,1,1,2.0,110.0,86.0,63.0,87.0,0.0,0.0,30.0,3.0,17.0,4.0,3.0,16.0,89.0,60.0,15.256038647342995,15.217391304347826,11,4,1,0,361
365,2012,1,1,1,1,15.0,120.0,82.0,73.0,92.0,6.0,0.0,31.0,5.0,0.0,16.0,4.0,0.0,91.0364238410596,91.3543046357616,15.256038647342995,15.217391304347826,23,0,4,0,361
366,2012,2,1,1,10,7.0,74.0,33.0,28.0,9.0,80.0,0.0,11.0,3.0,5.0,2.0,5.0,3.0,106.0,157.0,15.256038647342995,15.217391304347826,1,0,0,0,5
367,2012,3,1,1,15,4.0,127.0,82.0,70.0,79.0,5.0,1.0,34.0,5.0,12.0,3.0,6.0,14.0,117.0,53.0,15.256038647342995,15.217391304347826,25,0,0,5,4
368,2012,4,2,1,1,12.0,144.0,94.0,49.0,50.0,1.0,0.0,8.0,4.0,0.0,11.0,7.0,0.0,91.0364238410596,91.3543046357616,15.256038647342995,15.217391304347826,21,0,0,3,361
369,2012,2,1,1,1,10.221461187214611,115.40182648401826,67.02054794520548,55.87671232876713,44.09132420091324,21.621004566210047,4.993150684931507,18.639269406392692,5.472602739726027,0.0,17.0,8.0,0.0,91.0364238410596,91.3543046357616,15.256038647342995,15.217391304347826,9,0,3,0,361
370,2012,2,1,1,53,10.221461187214611,115.40182648401826,67.02054794520548,55.87671232876713,44.09132420091324,21.621004566210047,4.993150684931507,18.639269406392692,5.472602739726027,0.0,12.0,9.0,0.0,91.0364238410596,91.3543046357616,15.256038647342995,15.217391304347826,8,0,0,1,1
371,2012,1,2,1,25,23.0,130.0,85.0,46.0,73.0,1.0,0.0,7.0,4.0,0.0,13.0,10.0,0.0,91.0364238410596,91.3543046357616,15.256038647342995,15.217391304347826,7,0,2,3,2
372,2012,3,1,1,1,15.0,106.0,91.0,69.0,89.0,8.0,33.0,6.0,4.0,0.0,14.0,11.0,0.0,91.0364238410596,91.3543046357616,15.256038647342995,15.217391304347826,28,0,4,1,361
373,2012,3,1,1,1,10.221461187214611,115.40182648401826,67.02054794520548,55.87671232876713,44.09132420091324,21.621004566210047,4.993150684931507,18.639269406392692,5.472602739726027,16.0,7.0,12.0,8.0,63.0,85.0,15.256038647342995,15.217391304347826,24,4,1,0,361
374,2012,4,1,1,1,12.0,94.0,48.0,83.0,75.0,56.0,0.0,35.0,5.0,23.0,9.0,13.0,15.0,18.0,51.0,15.256038647342995,15.217391304347826,13,0,1,4,361
375,2012,3,1,6,40,10.0,126.0,85.0,65.0,62.0,19.0,0.0,35.0,13.0,2.0,1.0,14.0,6.0,332.0,94.0,15.256038647342995,15.217391304347826,37,0,0,0,1
376,2012,1,2,1,1,2.0,80.0,82.0,41.0,25.0,1.0,0.0,18.0,4.0,24.0,10.0,15.0,2.0,20.0,30.0,15.256038647342995,15.217391304347826,41,0,1,4,361
377,2012,3,2,2,49,1.0,121.0,85.0,87.0,89.0,4.0,0.0,42.0,4.0,0.0,18.0,16.0,0.0,91.0364238410596,91.3543046357616,15.256038647342995,15.217391304347826,32,3,0,0,1
378,2012,1,2,1,1,9.0,107.0,86.0,66.0,60.0,11.0,0.0,21.0,6.0,11.0,5.0,17.0,26.0,75.0,104.0,15.256038647342995,15.217391304347826,16,3,2,0,361
379,2012,3,2,2,1,19.0,144.0,73.0,66.0,86.0,0.0,0.0,7.0,4.0,19.0,6.0,18.0,23.0,89.0,14.0,15.256038647342995,15.217391304347826,3,0,4,0,361
380,2012,2,2,1,6,10.221461187214611,115.40182648401826,67.02054794520548,55.87671232876713,44.09132420091324,21.621004566210047,4.993150684931507,18.639269406392692,5.472602739726027,3.0,2.0,1.0,24.0,211.0,173.0,15.256038647342995,15.217391304347826,27,0,0,5,8
381,2012,4,1,1,13,4.0,130.0,52.0,73.0,21.0,36.0,0.0,8.0,33.0,13.0,9.0,2.0,22.0,91.0364238410596,91.3543046357616,15.256038647342995,15.217391304347826,38,0,0,5,4
382,2012,1,1,1,1,11.0,98.0,64.0,66.0,70.0,20.0,0.0,14.0,2.0,0.0,15.0,3.0,0.0,91.0364238410596,91.3543046357616,15.256038647342995,15.217391304347826,17,0,0,1,361
383,2012,3,2,1,1,1.0,122.0,87.0,65.0,64.0,0.0,0.0,7.0,4.0,21.0,7.0,4.0,21.0,10.0,70.0,15.256038647342995,15.217391304347826,4,1,0,4,361
384,2012,3,2,1,1,20.0,120.0,89.0,52.0,52.0,1.0,0.0,8.0,4.0,0.0,16.0,5.0,0.0,91.0364238410596,91.3543046357616,15.256038647342995,15.217391304347826,29,0,0,4,361
385,2012,2,1,1,4,5.0,86.0,21.0,37.0,21.0,87.0,0.0,12.0,3.0,0.0,13.0,6.0,0.0,91.0364238410596,91.3543046357616,15.256038647342995,15.217391304347826,35,0,5,0,9
386,2012,3,1,1,1,10.221461187214611,115.40182648401826,67.02054794520548,55.87671232876713,44.09132420091324,21.621004566210047,4.993150684931507,18.639269406392692,5.472602739726027,15.0,8.0,7.0,25.0,37.0,125.0,15.256038647342995,15.217391304347826,36,0,0,4,361
387,2012,3,1,1,21,2.0,130.0,66.0,75.0,86.0,14.0,0.0,36.0,14.0,0.0,119.0,8.0,0.0,91.0364238410596,91.3543046357616,15.256038647342995,15.217391304347826,40,0,0,0,3
388,2012,2,1,1,7,8.0,132.0,54.0,36.0,12.0,31.0,0.0,11.0,3.0,0.0,17.0,9.0,0.0,91.0364238410596,91.3543046357616,15.256038647342995,15.217391304347826,20,0,5,0,5
389,2012,2,1,1,11,9.0,113.0,65.0,52.0,31.0,46.0,0.0,8.0,5.0,0.0,12.0,10.0,0.0,91.0364238410596,91.3543046357616,15.256038647342995,15.217391304347826,34,2,3,0,4
390,2012,3,1,1,1,2.0,132.0,78.0,56.0,39.0,14.0,0.0,28.0,4.0,1.0,1.0,11.0,17.0,343.0,296.0,15.256038647342995,15.217391304347826,12,1,0,0,361
391,2012,1,2,1,48,10.221461187214611,115.40182648401826,67.02054794520548,55.87671232876713,44.09132420091324,21.621004566210047,4.993150684931507,18.639269406392692,5.472602739726027,0.0,14.0,12.0,0.0,91.0364238410596,91.3543046357616,15.256038647342995,15.217391304347826,26,1,4,0,1
392,2012,5,2,1,1,22.0,102.0,96.0,70.0,64.0,18.0,0.0,73.0,7.0,7.0,5.0,13.0,18.0,176.0,50.0,15.256038647342995,15.217391304347826,45,5,0,0,361
393,2012,2,2,1,20,18.0,129.0,31.0,37.0,14.0,45.0,0.0,9.0,3.0,6.0,4.0,14.0,11.0,78.0,152.0,15.256038647342995,15.217391304347826,5,0,1,0,3
394,2012,4,2,1,1,10.221461187214611,115.40182648401826,67.02054794520548,55.87671232876713,44.09132420091324,21.621004566210047,4.993150684931507,18.639269406392692,5.472602739726027,0.0,18.0,15.0,0.0,91.0364238410596,91.3543046357616,15.256038647342995,15.217391304347826,46,0,0,4,361
395,2012,3,2,1,1,8.0,127.0,90.0,61.0,59.0,0.0,0.0,8.0,11.0,26.0,109.0,16.0,12.0,16.0,24.0,15.256038647342995,15.217391304347826,10,4,1,0,361
396,2012,2,1,1,16,14.0,122.0,35.0,38.0,44.0,71.0,0.0,24.0,3.0,18.0,6.0,17.0,5.0,91.0364238410596,91.3543046357616,15.256038647342995,15.217391304347826,44,0,0,0,3
397,2012,2,2,1,1,16.0,124.0,31.0,76.0,8.0,32.0,77.0,11.0,6.0,14.0,3.0,18.0,4.0,68.0,82.0,15.256038647342995,15.217391304347826,22,0,0,0,361
398,2012,2,2,1,1,4.0,120.0,32.0,46.0,24.0,86.0,0.0,14.0,3.0,25.0,0.0,0.0,1.0,36.0,11.0,15.256038647342995,15.217391304347826,18,2,0,1,361
399,2012,1,1,1,8,19.0,137.0,79.0,58.0,70.0,0.0,0.0,10.0,3.0,22.0,0.0,0.0,9.0,0.0,85.0,15.256038647342995,15.217391304347826,19,3,2,0,5
400,2012,1,1,1,28,10.221461187214611,115.40182648401826,67.02054794520548,55.87671232876713,44.09132420091324,21.621004566210047,4.993150684931507,18.639269406392692,5.472602739726027,9.0,0.0,0.0,10.0,56.0,157.0,15.256038647342995,15.217391304347826,33,0,3,0,2
401,2012,2,1,1,1,20.0,92.0,9.0,22.0,30.0,61.0,0.0,43.0,3.0,4.0,0.0,0.0,13.0,151.0,118.0,15.256038647342995,15.217391304347826,6,3,1,0,361
402,2012,2,1,1,5,13.0,84.0,66.0,49.0,20.0,36.0,0.0,52.0,3.0,10.0,0.0,0.0,19.0,45.0,154.0,15.256038647342995,15.217391304347826,14,0,5,0,8
403,2012,1,2,1,1,19.0,108.0,87.0,59.0,4.0,6.0,79.0,11.0,4.0,8.0,0.0,0.0,20.0,125.0,98.0,15.256038647342995,15.217391304347826,15,0,0,4,361
404,2011,1,1,1,42,8.0,129.0,93.0,73.0,55.0,0.0,0.0,32.0,12.0,0.0,19.0,1.0,0.0,91.0364238410596,91.3543046357616,15.256038647342995,15.217391304347826,30,2,3,0,1
405,2011,1,1,1,41,13.0,124.0,91.0,73.0,97.0,3.0,0.0,17.0,3.0,0.0,17.0,2.0,0.0,91.0364238410596,91.3543046357616,15.256038647342995,15.217391304347826,10,0,5,0,1
406,2011,4,1,1,1,15.0,75.0,26.0,44.0,12.0,84.0,0.0,11.0,4.0,0.0,14.0,3.0,0.0,91.0364238410596,91.3543046357616,15.256038647342995,15.217391304347826,1,0,3,2,361
407,2011,1,1,1,1,10.221461187214611,115.40182648401826,67.02054794520548,55.87671232876713,44.09132420091324,21.621004566210047,4.993150684931507,18.639269406392692,5.472602739726027,0.0,12.0,4.0,0.0,91.0364238410596,91.3543046357616,15.256038647342995,15.217391304347826,31,0,5,0,361
408,2011,4,2,1,1,10.221461187214611,115.40182648401826,67.02054794520548,55.87671232876713,44.09132420091324,21.621004566210047,4.993150684931507,18.639269406392692,5.472602739726027,0.0,13.0,5.0,0.0,91.0364238410596,91.3543046357616,15.256038647342995,15.217391304347826,45,1,0,4,361
409,2011,1,1,1,6,10.221461187214611,115.40182648401826,67.02054794520548,55.87671232876713,44.09132420091324,21.621004566210047,4.993150684931507,18.639269406392692,5.472602739726027,14.0,8.0,6.0,24.0,89.0,111.0,15.256038647342995,15.217391304347826,27,0,3,0,8
410,2011,1,2,1,23,10.221461187214611,115.40182648401826,67.02054794520548,55.87671232876713,44.09132420091324,21.621004566210047,4.993150684931507,18.639269406392692,5.472602739726027,16.0,9.0,7.0,10.0,138.0,25.0,15.256038647342995,15.217391304347826,37,3,0,0,2
411,2011,1,1,1,1,14.0,128.0,40.0,76.0,65.0,25.0,0.0,10.0,4.0,25.0,10.0,8.0,13.0,2.0,53.0,15.256038647342995,15.217391304347826,21,0,0,2,361
412,2011,4,1,1,1,15.0,116.0,86.0,63.0,40.0,0.0,0.0,25.0,4.0,9.0,6.0,9.0,25.0,138.0,79.0,15.256038647342995,15.217391304347826,26,0,0,5,361
413,2011,1,2,1,1,12.0,73.0,51.0,53.0,18.0,17.0,0.0,9.0,3.0,21.0,3.0,10.0,1.0,47.0,75.0,15.256038647342995,15.217391304347826,8,0,0,0,361
414,2011,1,2,1,1,5.0,137.0,90.0,70.0,35.0,7.0,0.0,8.0,9.0,0.0,11.0,11.0,0.0,91.0364238410596,91.3543046357616,15.256038647342995,15.217391304347826,4,2,3,0,361
415,2011,2,1,1,1,10.221461187214611,115.40182648401826,67.02054794520548,55.87671232876713,44.09132420091324,21.621004566210047,4.993150684931507,18.639269406392692,5.472602739726027,0.0,16.0,12.0,0.0,91.0364238410596,91.3543046357616,15.256038647342995,15.217391304347826,28,0,3,2,361
416,2011,3,1,1,1,11.0,128.0,87.0,77.0,38.0,0.0,84.0,8.0,4.0,0.0,15.0,13.0,0.0,91.0364238410596,91.3543046357616,15.256038647342995,15.217391304347826,34,0,4,1,361
417,2011,1,2,6,1,12.0,92.0,72.0,63.0,81.0,33.0,0.0,18.0,4.0,20.0,4.0,14.0,21.0,60.0,72.0,15.256038647342995,15.217391304347826,2,0,0,0,361
418,2011,3,1,1,36,10.221461187214611,115.40182648401826,67.02054794520548,55.87671232876713,44.09132420091324,21.621004566210047,4.993150684931507,18.639269406392692,5.472602739726027,22.0,7.0,15.0,5.0,64.0,60.0,15.256038647342995,15.217391304347826,41,3,2,0,1
419,2011,1,3,6,4,10.221461187214611,115.40182648401826,67.02054794520548,55.87671232876713,44.09132420091324,21.621004566210047,4.993150684931507,18.639269406392692,5.472602739726027,0.0,18.0,16.0,0.0,91.0364238410596,91.3543046357616,15.256038647342995,15.217391304347826,35,0,0,0,9
420,2011,2,1,1,1,22.0,163.0,28.0,25.0,9.0,51.0,0.0,17.0,3.0,19.0,5.0,17.0,4.0,55.0,66.0,15.256038647342995,15.217391304347826,22,0,0,0,361
421,2011,2,3,2,1,1.0,172.0,70.0,32.0,24.0,2.0,0.0,36.0,3.0,1.0,2.0,18.0,19.0,223.0,182.0,15.256038647342995,15.217391304347826,6,0,4,0,361
422,2011,1,2,2,22,10.221461187214611,115.40182648401826,67.02054794520548,55.87671232876713,44.09132420091324,21.621004566210047,4.993150684931507,18.639269406392692,5.472602739726027,7.0,1.0,19.0,9.0,176.0,84.0,15.256038647342995,15.217391304347826,11,3,1,0,2
423,2011,1,2,1,1,17.0,84.0,65.0,53.0,39.0,45.0,0.0,4.0,3.0,6.0,5.0,1.0,2.0,91.0364238410596,91.3543046357616,15.256038647342995,15.217391304347826,44,0,0,5,361
424,2011,2,1,1,1,3.0,123.0,47.0,51.0,10.0,21.0,0.0,10.0,4.0,18.0,7.0,2.0,18.0,25.0,145.0,15.256038647342995,15.217391304347826,32,0,5,0,361
425,2011,2,2,1,1,1.0,97.0,83.0,48.0,57.0,1.0,0.0,32.0,3.0,0.0,19.0,3.0,0.0,91.0364238410596,91.3543046357616,15.256038647342995,15.217391304347826,17,0,3,2,361
426,2011,1,3,6,1,10.0,88.0,62.0,88.0,67.0,17.0,0.0,22.0,15.0,0.0,11.0,4.0,0.0,91.0364238410596,91.3543046357616,15.256038647342995,15.217391304347826,9,0,0,0,361
427,2011,2,1,2,1,14.0,87.0,76.0,50.0,34.0,41.0,0.0,7.0,3.0,0.0,13.0,5.0,0.0,91.0364238410596,91.3543046357616,15.256038647342995,15.217391304347826,46,0,2,2,361
428,2011,2,1,1,1,8.0,162.0,54.0,44.0,22.0,14.0,0.0,20.0,3.0,4.0,6.0,6.0,23.0,168.0,117.0,15.256038647342995,15.217391304347826,36,1,1,0,361
429,2011,4,2,1,1,6.0,148.0,89.0,74.0,81.0,1.0,0.0,10.0,6.0,12.0,10.0,7.0,15.0,98.0,82.0,15.256038647342995,15.217391304347826,16,1,0,4,361
430,2011,3,2,1,1,14.0,125.0,96.0,54.0,49.0,0.0,0.0,5.0,10.0,3.0,1.0,8.0,7.0,221.0,106.0,15.256038647342995,15.217391304347826,12,3,2,0,361
431,2011,1,2,4,9,10.221461187214611,115.40182648401826,67.02054794520548,55.87671232876713,44.09132420091324,21.621004566210047,4.993150684931507,18.639269406392692,5.472602739726027,0.0,18.0,9.0,0.0,91.0364238410596,91.3543046357616,15.256038647342995,15.217391304347826,24,0,1,1,5
432,2011,4,1,1,21,10.221461187214611,115.40182648401826,67.02054794520548,55.87671232876713,44.09132420091324,21.621004566210047,4.993150684931507,18.639269406392692,5.472602739726027,0.0,12.0,10.0,0.0,91.0364238410596,91.3543046357616,15.256038647342995,15.217391304347826,40,0,0,5,3
433,2011,1,2,1,47,10.221461187214611,115.40182648401826,67.02054794520548,55.87671232876713,44.09132420091324,21.621004566210047,4.993150684931507,18.639269406392692,5.472602739726027,0.0,16.0,11.0,0.0,91.0364238410596,91.3543046357616,15.256038647342995,15.217391304347826,38,5,0,0,1
434,2011,1,1,1,46,10.221461187214611,115.40182648401826,67.02054794520548,55.87671232876713,44.09132420091324,21.621004566210047,4.993150684931507,18.639269406392692,5.472602739726027,0.0,15.0,12.0,0.0,91.0364238410596,91.3543046357616,15.256038647342995,15.217391304347826,7,0,5,0,1
435,2011,2,1,1,1,8.0,88.0,81.0,28.0,31.0,8.0,0.0,11.0,4.0,13.0,3.0,13.0,20.0,39.0,160.0,15.256038647342995,15.217391304347826,20,0,4,0,361
436,2011,1,2,1,1,10.221461187214611,115.40182648401826,67.02054794520548,55.87671232876713,44.09132420091324,21.621004566210047,4.993150684931507,18.639269406392692,5.472602739726027,17.0,4.0,14.0,17.0,79.0,86.0,15.256038647342995,15.217391304347826,25,0,0,4,361
437,2011,1,1,1,1,16.0,130.0,89.0,81.0,75.0,12.0,0.0,10.0,5.0,24.0,9.0,15.0,8.0,32.0,74.0,15.256038647342995,15.217391304347826,5,3,2,0,361
438,2011,1,1,1,1,10.221461187214611,115.40182648401826,67.02054794520548,55.87671232876713,44.09132420091324,21.621004566210047,4.993150684931507,18.639269406392692,5.472602739726027,0.0,14.0,16.0,0.0,91.0364238410596,91.3543046357616,15.256038647342995,15.217391304347826,29,0,4,1,361
439,2011,1,2,2,1,19.0,125.0,79.0,63.0,61.0,1.0,0.0,9.0,5.0,0.0,17.0,17.0,0.0,91.0364238410596,91.3543046357616,15.256038647342995,15.217391304347826,23,0,4,0,361
440,2011,4,2,1,1,3.0,147.0,67.0,50.0,41.0,16.0,0.0,10.0,3.0,5.0,2.0,18.0,3.0,61.0,168.0,15.256038647342995,15.217391304347826,13,0,2,3,361
441,2011,1,2,2,1,8.0,138.0,48.0,73.0,15.0,0.0,89.0,36.0,5.0,8.0,8.0,19.0,6.0,101.0,119.0,15.256038647342995,15.217391304347826,3,0,4,0,361
442,2011,2,2,1,39,7.0,128.0,77.0,29.0,23.0,80.0,20.0,15.0,5.0,15.0,0.0,0.0,11.0,76.0,90.0,15.256038647342995,15.217391304347826,19,0,0,0,1
443,2011,2,2,1,17,1.0,144.0,41.0,53.0,37.0,72.0,0.0,22.0,4.0,2.0,0.0,0.0,12.0,99.0,251.0,15.256038647342995,15.217391304347826,33,0,0,5,3
444,2011,1,2,4,1,10.221461187214611,115.40182648401826,67.02054794520548,55.87671232876713,44.09132420091324,21.621004566210047,4.993150684931507,18.639269406392692,5.472602739726027,11.0,0.0,0.0,14.0,166.0,57.0,15.256038647342995,15.217391304347826,18,0,2,0,361
445,2011,1,1,1,1,8.0,160.0,38.0,75.0,37.0,5.0,81.0,11.0,8.0,10.0,0.0,0.0,16.0,113.0,104.0,15.256038647342995,15.217391304347826,15,3,2,0,361
446,2011,1,1,1,5,12.0,99.0,86.0,68.0,86.0,27.0,0.0,6.0,8.0,23.0,0.0,0.0,22.0,73.0,38.0,15.256038647342995,15.217391304347826,14,0,5,0,8
447,2010,1,3,2,1,16.0,130.0,93.0,66.0,36.0,1.0,0.0,18.0,8.0,22.0,0.0,1.0,4.0,28.0,33.0,15.256038647342995,15.217391304347826,16,3,0,1,361
448,2010,2,2,1,1,1.0,98.0,47.0,36.0,21.0,16.0,0.0,10.0,3.0,11.0,7.0,2.0,20.0,107.0,63.0,15.256038647342995,15.217391304347826,37,0,0,5,361
449,2010,1,2,1,1,10.221461187214611,115.40182648401826,67.02054794520548,55.87671232876713,44.09132420091324,21.621004566210047,4.993150684931507,18.639269406392692,5.472602739726027,0.0,14.0,3.0,0.0,91.0364238410596,91.3543046357616,15.256038647342995,15.217391304347826,5,0,4,1,361
450,2010,5,1,1,34,10.221461187214611,115.40182648401826,67.02054794520548,55.87671232876713,44.09132420091324,21.621004566210047,4.993150684931507,18.639269406392692,5.472602739726027,0.0,16.0,4.0,0.0,91.0364238410596,91.3543046357616,15.256038647342995,15.217391304347826,46,4,1,0,2
451,2010,5,1,2,24,5.0,115.0,84.0,46.0,55.0,69.0,0.0,9.0,8.0,0.0,11.0,5.0,0.0,91.0364238410596,91.3543046357616,15.256038647342995,15.217391304347826,8,0,2,1,2
452,2010,2,1,1,1,9.0,78.0,62.0,64.0,45.0,6.0,0.0,19.0,3.0,0.0,17.0,6.0,0.0,91.0364238410596,91.3543046357616,15.256038647342995,15.217391304347826,23,0,4,0,361
453,2010,1,2,1,6,10.221461187214611,115.40182648401826,67.02054794520548,55.87671232876713,44.09132420091324,21.621004566210047,4.993150684931507,18.639269406392692,5.472602739726027,13.0,5.0,7.0,8.0,110.0,37.0,15.256038647342995,15.217391304347826,27,2,2,0,8
454,2010,4,2,1,1,10.221461187214611,115.40182648401826,67.02054794520548,55.87671232876713,44.09132420091324,21.621004566210047,4.993150684931507,18.639269406392692,5.472602739726027,17.0,8.0,8.0,6.0,91.0364238410596,91.3543046357616,15.256038647342995,15.217391304347826,44,0,5,0,361
455,2010,2,2,1,37,10.221461187214611,115.40182648401826,67.02054794520548,55.87671232876713,44.09132420091324,21.621004566210047,4.993150684931507,18.639269406392692,5.472602739726027,0.0,13.0,9.0,0.0,91.0364238410596,91.3543046357616,15.256038647342995,15.217391304347826,30,2,3,0,1
456,2010,1,2,1,1,14.0,129.0,34.0,47.0,42.0,62.0,0.0,14.0,3.0,6.0,1.0,10.0,7.0,76.0,185.0,15.256038647342995,15.217391304347826,9,0,0,0,361
457,2010,2,1,1,1,11.0,138.0,67.0,44.0,31.0,14.0,0.0,12.0,3.0,0.0,12.0,11.0,0.0,91.0364238410596,91.3543046357616,15.256038647342995,15.217391304347826,4,1,3,0,361
458,2010,1,1,1,1,10.221461187214611,115.40182648401826,67.02054794520548,55.87671232876713,44.09132420091324,21.621004566210047,4.993150684931507,18.639269406392692,5.472602739726027,16.0,6.0,12.0,15.0,35.0,97.0,15.256038647342995,15.217391304347826,1,0,3,1,361
459,2010,1,2,1,9,1.0,135.0,94.0,73.0,74.0,0.0,1.0,7.0,4.0,8.0,2.0,13.0,11.0,152.0,110.0,15.256038647342995,15.217391304347826,11,0,4,0,5
460,2010,2,1,1,4,10.221461187214611,115.40182648401826,67.02054794520548,55.87671232876713,44.09132420091324,21.621004566210047,4.993150684931507,18.639269406392692,5.472602739726027,18.0,4.0,14.0,23.0,24.0,69.0,15.256038647342995,15.217391304347826,35,0,3,1,9
461,2010,1,2,1,13,10.221461187214611,115.40182648401826,67.02054794520548,55.87671232876713,44.09132420091324,21.621004566210047,4.993150684931507,18.639269406392692,5.472602739726027,0.0,15.0,15.0,0.0,91.0364238410596,91.3543046357616,15.256038647342995,15.217391304347826,38,2,2,1,4
462,2010,2,3,5,1,10.221461187214611,115.40182648401826,67.02054794520548,55.87671232876713,44.09132420091324,21.621004566210047,4.993150684931507,18.639269406392692,5.472602739726027,24.0,9.0,16.0,9.0,18.0,22.0,15.256038647342995,15.217391304347826,29,0,0,1,361
463,2010,3,1,1,1,16.0,132.0,88.0,53.0,28.0,3.0,0.0,17.0,7.0,19.0,3.0,17.0,16.0,40.0,57.0,15.256038647342995,15.217391304347826,2,0,5,0,361
464,2010,3,2,5,1,14.0,134.0,76.0,83.0,93.0,3.0,0.0,18.0,5.0,0.0,12.0,1.0,0.0,91.0364238410596,91.3543046357616,15.256038647342995,15.217391304347826,22,0,0,0,361
465,2010,1,1,1,1,2.0,101.0,67.0,61.0,38.0,25.0,0.0,16.0,10.0,7.0,6.0,2.0,21.0,166.0,116.0,15.256038647342995,15.217391304347826,31,1,3,1,361
466,2010,2,2,1,35,15.0,115.0,51.0,39.0,20.0,60.0,0.0,19.0,3.0,14.0,8.0,3.0,24.0,27.0,134.0,15.256038647342995,15.217391304347826,7,0,2,1,2
467,2010,1,3,2,1,11.0,95.0,77.0,66.0,39.0,28.0,0.0,10.0,3.0,4.0,5.0,4.0,25.0,174.0,121.0,15.256038647342995,15.217391304347826,13,0,4,0,361
468,2010,1,2,1,3,8.0,128.0,75.0,73.0,73.0,11.0,0.0,33.0,3.0,0.0,17.0,5.0,0.0,91.0364238410596,91.3543046357616,15.256038647342995,15.217391304347826,21,0,3,1,10
469,2010,1,1,1,1,10.221461187214611,115.40182648401826,67.02054794520548,55.87671232876713,44.09132420091324,21.621004566210047,4.993150684931507,18.639269406392692,5.472602739726027,0.0,11.0,6.0,0.0,91.0364238410596,91.3543046357616,15.256038647342995,15.217391304347826,12,0,5,0,361
470,2010,2,1,1,1,11.0,148.0,66.0,47.0,23.0,1.0,0.0,8.0,3.0,5.0,2.0,7.0,1.0,161.0,116.0,15.256038647342995,15.217391304347826,6,1,3,0,361
471,2010,2,1,1,1,6.0,120.0,41.0,63.0,12.0,72.0,0.0,14.0,4.0,10.0,7.0,8.0,17.0,94.0,129.0,15.256038647342995,15.217391304347826,36,0,0,0,361
472,2010,1,1,1,32,20.0,162.0,91.0,62.0,77.0,29.0,0.0,6.0,5.0,0.0,14.0,9.0,0.0,91.0364238410596,91.3543046357616,15.256038647342995,15.217391304347826,17,0,3,2,2
473,2010,1,3,2,1,3.0,122.0,82.0,66.0,96.0,2.0,0.0,6.0,4.0,3.0,4.0,10.0,19.0,155.0,167.0,15.256038647342995,15.217391304347826,25,0,4,0,361
474,2010,4,3,2,7,10.221461187214611,115.40182648401826,67.02054794520548,55.87671232876713,44.09132420091324,21.621004566210047,4.993150684931507,18.639269406392692,5.472602739726027,0.0,16.0,11.0,0.0,91.0364238410596,91.3543046357616,15.256038647342995,15.217391304347826,20,0,0,4,5
475,2010,2,1,1,1,1.0,130.0,46.0,40.0,16.0,33.0,0.0,9.0,3.0,23.0,9.0,12.0,10.0,15.0,62.0,15.256038647342995,15.217391304347826,3,0,4,0,361
476,2010,1,2,1,38,10.221461187214611,115.40182648401826,67.02054794520548,55.87671232876713,44.09132420091324,21.621004566210047,4.993150684931507,18.639269406392692,5.472602739726027,0.0,15.0,13.0,0.0,91.0364238410596,91.3543046357616,15.256038647342995,15.217391304347826,40,4,0,0,1
477,2010,1,2,1,1,10.221461187214611,115.40182648401826,67.02054794520548,55.87671232876713,44.09132420091324,21.621004566210047,4.993150684931507,18.639269406392692,5.472602739726027,21.0,10.0,14.0,5.0,16.0,57.0,15.256038647342995,15.217391304347826,24,0,2,3,361
478,2010,2,1,3,11,16.0,76.0,64.0,50.0,49.0,38.0,0.0,15.0,4.0,0.0,13.0,15.0,0.0,91.0364238410596,91.3543046357616,15.256038647342995,15.217391304347826,34,2,0,0,4
479,2010,2,1,1,1,12.0,126.0,49.0,46.0,17.0,17.0,0.0,31.0,3.0,9.0,3.0,16.0,13.0,127.0,160.0,15.256038647342995,15.217391304347826,26,3,2,0,361
480,2010,4,2,1,1,5.0,112.0,68.0,56.0,41.0,1.0,0.0,14.0,3.0,2.0,1.0,17.0,14.0,177.0,119.0,15.256038647342995,15.217391304347826,45,0,0,4,361
481,2010,1,2,1,5,4.0,88.0,62.0,37.0,71.0,73.0,0.0,27.0,8.0,15.0,0.0,0.0,2.0,106.0,43.0,15.256038647342995,15.217391304347826,14,4,1,0,8
482,2010,2,2,1,1,14.0,133.0,24.0,28.0,22.0,83.0,0.0,13.0,3.0,20.0,0.0,0.0,3.0,18.0,61.0,15.256038647342995,15.217391304347826,10,0,5,0,361
483,2010,1,2,1,1,3.0,124.0,69.0,55.0,38.0,14.0,87.0,18.0,4.0,25.0,0.0,0.0,12.0,91.0364238410596,91.3543046357616,15.256038647342995,15.217391304347826,18,2,3,0,361
484,2010,3,2,1,3,23.0,129.0,93.0,64.0,72.0,0.0,0.0,6.0,6.0,12.0,0.0,0.0,18.0,151.0,34.0,15.256038647342995,15.217391304347826,19,3,2,0,10
485,2010,1,1,1,1,6.0,95.0,94.0,75.0,87.0,0.0,79.0,10.0,5.0,1.0,0.0,0.0,22.0,243.0,187.0,15.256038647342995,15.217391304347826,15,0,4,0,361
486,2009,1,1,1,1,9.0,138.0,91.0,56.0,56.0,2.0,0.0,66.0,5.0,0.0,0.0,1.0,0.0,91.0364238410596,91.3543046357616,15.256038647342995,15.217391304347826,39,1,0,0,361
487,2009,5,2,1,51,7.0,154.0,84.0,80.0,69.0,20.0,0.0,23.0,46.0,0.0,18.0,2.0,0.0,91.0364238410596,91.3543046357616,15.256038647342995,15.217391304347826,42,0,0,5,1
488,2009,1,2,1,1,10.221461187214611,115.40182648401826,67.02054794520548,55.87671232876713,44.09132420091324,21.621004566210047,4.993150684931507,18.639269406392692,5.472602739726027,0.0,17.0,3.0,0.0,91.0364238410596,91.3543046357616,15.256038647342995,15.217391304347826,9,0,2,2,361
489,2009,4,2,1,1,4.0,138.0,90.0,39.0,26.0,0.0,0.0,34.0,5.0,0.0,13.0,4.0,0.0,91.0364238410596,91.3543046357616,15.256038647342995,15.217391304347826,29,1,2,1,361
490,2009,5,1,1,8,19.0,128.0,65.0,52.0,46.0,35.0,0.0,21.0,4.0,21.0,4.0,5.0,4.0,59.0,27.0,15.256038647342995,15.217391304347826,12,5,0,0,5
491,2009,5,1,2,43,6.0,115.0,86.0,78.0,76.0,36.0,0.0,35.0,8.0,10.0,5.0,6.0,9.0,111.0,71.0,15.256038647342995,15.217391304347826,31,4,0,0,1
492,2009,1,1,1,44,12.0,133.0,40.0,77.0,92.0,7.0,0.0,10.0,5.0,0.0,15.0,7.0,0.0,91.0364238410596,91.3543046357616,15.256038647342995,15.217391304347826,48,0,2,2,1
493,2009,4,2,1,1,4.0,118.0,93.0,47.0,29.0,1.0,3.0,38.0,4.0,0.0,14.0,8.0,0.0,91.0364238410596,91.3543046357616,15.256038647342995,15.217391304347826,21,0,0,4,361
494,2009,3,1,1,1,18.0,115.0,97.0,75.0,87.0,13.0,0.0,8.0,6.0,4.0,2.0,9.0,18.0,203.0,114.0,15.256038647342995,15.217391304347826,45,2,2,0,361
495,2009,1,1,2,45,21.0,106.0,79.0,60.0,69.0,23.0,0.0,10.0,2.0,16.0,7.0,10.0,2.0,15.0,107.0,15.256038647342995,15.217391304347826,7,0,0,3,1
496,2009,3,3,4,1,6.0,130.0,91.0,49.0,44.0,1.0,0.0,9.0,7.0,0.0,16.0,11.0,0.0,91.0364238410596,91.3543046357616,15.256038647342995,15.217391304347826,40,2,0,0,361
497,2009,2,1,1,1,10.0,84.0,57.0,47.0,23.0,35.0,0.0,7.0,3.0,2.0,1.0,12.0,7.0,173.0,260.0,15.256038647342995,15.217391304347826,2,0,3,2,361
498,2009,4,2,1,13,10.221461187214611,115.40182648401826,67.02054794520548,55.87671232876713,44.09132420091324,21.621004566210047,4.993150684931507,18.639269406392692,5.472602739726027,0.0,10.0,13.0,0.0,91.0364238410596,91.3543046357616,15.256038647342995,15.217391304347826,38,0,0,5,4
499,2009,3,1,1,1,18.0,130.0,86.0,72.0,63.0,2.0,0.0,5.0,3.0,19.0,9.0,14.0,22.0,64.0,31.0,15.256038647342995,15.217391304347826,25,4,0,0,361
500,2009,1,2,1,1,3.0,138.0,96.0,56.0,88.0,0.0,23.0,26.0,6.0,25.0,12.0,15.0,24.0,30.0,12.0,15.256038647342995,15.217391304347826,8,2,3,0,361
501,2009,5,1,1,4,3.0,95.0,70.0,50.0,33.0,34.0,0.0,12.0,3.0,15.0,8.0,16.0,6.0,45.0,64.0,15.256038647342995,15.217391304347826,35,0,0,5,9
502,2009,2,1,1,1,21.0,123.0,44.0,48.0,14.0,62.0,0.0,7.0,3.0,22.0,6.0,17.0,14.0,18.0,87.0,15.256038647342995,15.217391304347826,4,0,0,0,361
503,2009,2,2,1,16,17.0,152.0,78.0,52.0,38.0,44.0,0.0,11.0,4.0,9.0,3.0,18.0,12.0,124.0,90.0,15.256038647342995,15.217391304347826,44,0,0,5,3
504,2009,2,3,2,11,20.0,116.0,69.0,58.0,43.0,56.0,0.0,8.0,3.0,18.0,13.0,1.0,5.0,55.0,58.0,15.256038647342995,15.217391304347826,34,0,4,0,4
505,2009,4,1,1,1,8.0,170.0,75.0,45.0,44.0,0.0,0.0,36.0,3.0,0.0,11.0,2.0,0.0,91.0364238410596,91.3543046357616,15.256038647342995,15.217391304347826,3,0,0,3,361
506,2009,1,3,3,50,10.221461187214611,115.40182648401826,67.02054794520548,55.87671232876713,44.09132420091324,21.621004566210047,4.993150684931507,18.639269406392692,5.472602739726027,0.0,19.0,3.0,0.0,91.0364238410596,91.3543046357616,15.256038647342995,15.217391304347826,23,0,0,3,1
507,2009,5,2,1,6,10.221461187214611,115.40182648401826,67.02054794520548,55.87671232876713,44.09132420091324,21.621004566210047,4.993150684931507,18.639269406392692,5.472602739726027,0.0,10.0,4.0,0.0,91.0364238410596,91.3543046357616,15.256038647342995,15.217391304347826,27,4,0,1,8
508,2009,2,1,1,1,11.0,144.0,69.0,45.0,26.0,31.0,0.0,55.0,3.0,0.0,12.0,5.0,0.0,91.0364238410596,91.3543046357616,15.256038647342995,15.217391304347826,30,2,3,0,361
509,2009,5,2,1,1,4.0,108.0,79.0,58.0,67.0,62.0,0.0,23.0,3.0,1.0,1.0,6.0,20.0,378.0,312.0,15.256038647342995,15.217391304347826,10,3,2,0,361
510,2009,2,1,1,1,10.221461187214611,115.40182648401826,67.02054794520548,55.87671232876713,44.09132420091324,21.621004566210047,4.993150684931507,18.639269406392692,5.472602739726027,0.0,14.0,7.0,0.0,91.0364238410596,91.3543046357616,15.256038647342995,15.217391304347826,24,0,5,0,361
511,2009,2,3,2,34,10.221461187214611,115.40182648401826,67.02054794520548,55.87671232876713,44.09132420091324,21.621004566210047,4.993150684931507,18.639269406392692,5.472602739726027,0.0,18.0,8.0,0.0,91.0364238410596,91.3543046357616,15.256038647342995,15.217391304347826,46,0,0,2,2
512,2009,4,2,1,1,6.0,128.0,75.0,66.0,34.0,1.0,0.0,10.0,5.0,13.0,8.0,9.0,16.0,40.0,120.0,15.256038647342995,15.217391304347826,13,0,0,5,361
513,2009,1,1,1,26,10.221461187214611,115.40182648401826,67.02054794520548,55.87671232876713,44.09132420091324,21.621004566210047,4.993150684931507,18.639269406392692,5.472602739726027,0.0,16.0,10.0,0.0,91.0364238410596,91.3543046357616,15.256038647342995,15.217391304347826,20,0,0,4,2
514,2009,1,2,1,1,13.0,125.0,96.0,66.0,81.0,0.0,0.0,8.0,10.0,0.0,15.0,11.0,0.0,91.0364238410596,91.3543046357616,15.256038647342995,15.217391304347826,41,3,2,0,361
515,2009,1,3,2,1,10.221461187214611,115.40182648401826,67.02054794520548,55.87671232876713,44.09132420091324,21.621004566210047,4.993150684931507,18.639269406392692,5.472602739726027,3.0,2.0,12.0,11.0,253.0,112.0,15.256038647342995,15.217391304347826,6,3,0,0,361
516,2009,3,2,1,1,17.0,128.0,92.0,65.0,65.0,4.0,0.0,16.0,7.0,7.0,4.0,13.0,8.0,151.0,93.0,15.256038647342995,15.217391304347826,11,4,0,0,361
517,2009,2,2,1,23,10.221461187214611,115.40182648401826,67.02054794520548,55.87671232876713,44.09132420091324,21.621004566210047,4.993150684931507,18.639269406392692,5.472602739726027,23.0,9.0,14.0,1.0,38.0,31.0,15.256038647342995,15.217391304347826,22,0,3,1,2
518,2009,5,1,1,19,10.221461187214611,115.40182648401826,67.02054794520548,55.87671232876713,44.09132420091324,21.621004566210047,4.993150684931507,18.639269406392692,5.472602739726027,14.0,5.0,15.0,13.0,66.0,93.0,15.256038647342995,15.217391304347826,16,4,1,0,3
519,2009,3,1,1,1,15.0,128.0,67.0,68.0,67.0,0.0,0.0,8.0,5.0,17.0,7.0,16.0,19.0,81.0,26.0,15.256038647342995,15.217391304347826,1,3,2,0,361
520,2009,1,1,1,1,10.221461187214611,115.40182648401826,67.02054794520548,55.87671232876713,44.09132420091324,21.621004566210047,4.993150684931507,18.639269406392692,5.472602739726027,12.0,6.0,17.0,21.0,70.0,68.0,15.256038647342995,15.217391304347826,36,5,0,0,361
521,2009,2,1,1,20,8.0,124.0,72.0,69.0,64.0,3.0,0.0,33.0,4.0,6.0,3.0,18.0,15.0,129.0,124.0,15.256038647342995,15.217391304347826,5,0,2,3,3
522,2009,1,2,3,1,10.221461187214611,115.40182648401826,67.02054794520548,55.87671232876713,44.09132420091324,21.621004566210047,4.993150684931507,18.639269406392692,5.472602739726027,0.0,17.0,19.0,0.0,91.0364238410596,91.3543046357616,15.256038647342995,15.217391304347826,17,0,3,0,361
523,2009,2,1,1,3,14.0,92.0,58.0,26.0,23.0,55.0,0.0,90.0,8.0,8.0,0.0,0.0,3.0,54.0,164.0,15.256038647342995,15.217391304347826,19,0,0,0,10
524,2009,2,1,1,71,4.0,130.0,94.0,64.0,45.0,41.0,0.0,26.0,5.0,11.0,0.0,0.0,10.0,118.0,67.0,15.256038647342995,15.217391304347826,37,0,5,0,1
525,2009,1,2,1,1,7.0,136.0,89.0,62.0,56.0,11.0,0.0,20.0,21.0,20.0,0.0,0.0,17.0,18.0,73.0,15.256038647342995,15.217391304347826,15,3,1,1,361
526,2009,2,1,1,1,22.0,105.0,31.0,30.0,12.0,1.0,79.0,29.0,3.0,5.0,0.0,0.0,23.0,105.0,223.0,15.256038647342995,15.217391304347826,18,0,0,5,361
527,2009,3,1,1,15,8.0,126.0,70.0,69.0,87.0,1.0,73.0,14.0,3.0,24.0,0.0,0.0,25.0,38.0,9.0,15.256038647342995,15.217391304347826,14,2,3,0,4
