Rank,State,Abb.,Size(SqMiles),Population,White,White%,BlackorAfricanAmerican,BlackorAfricanAmerican%,NativeAmericanorAlaskaNative,NativeAmericanorAlaskaNative%,Asian,Asian%,PacificIslander,PacificIslander%,Other,Other%,Multi-Racial,Multi-Racial%,HispanicorLatino,HispanicorLatino%,PopChange2010-2020,PopulationDensity,NumberofBillionaires,MinimumWage,MedianWage/Wk,MedianWage/Month,MedianIncome/Yr,MedianWage/HR,Top1%Income,Top5%Income,GenderPayGap,NumberofBillionaires2,MedianRent,Rent(Studio),Rent(1Bdr),Rent(2Bdr),Rent(3Bdr),Rent(4bdr),MedianMortgagePayment,MedianMortgageTotal,Mortgage%Rent(3Bedrooms),MinWageHr/Home,MinWageHr/Rent,MedWageHr/Rent,MedIncomeYr/Home,ElectricityCost(CentsperkWh),ElectricityConsumption(kWh),AverageElectricBill,NaturalGas,#ofBigMacsMinWageWk,#ofBigMacsMedWageWk,GroceriesMontly,AverageMovieTicketPrice,AverageGasPrice,CarRegistration,BigMacPrice,1BedroomApartment,2BedroomApartment,3BedroomApartment,4BedroomApartment,GroceryCost,ElectricityCost,CurrentMinimumWage,CurrentMedianWage,%ofMedianWage,TopEarner'sIncomeTaxRate,IncomeTax,StateSalesTaxRate,Avg.LocalSalesTaxRate(a),CombinedSalesTaxRate,MaxLocalSalesTaxRate,EffectiveTaxRate,Income-Tax,Income-Tax/Rent,Income-Tax/Rent/Food/Power,#BigMacs/Income-Tax/Rent/Food/Power,#MovieTickets/Income-Tax/Rent/Food/Power,#Gallons/Income-Tax/Rent/Food/Power,FirearmOwnership,ViolentCrimeper100k(2020),PrisonPer100K,TotalPrisonPopulation,BlackPrisonersper100K,LatinoPrisonersper100K,WhitePrisonersper100K,NumberofPoliceOfficers,Policeper100kpeople,PoliceShootings,PoliceShootingsPer100k,PoliceShootingPer100KPerOfficer,SchoolShootingsSince2015,SchoolShootingsPerMillionPeople,SchoolShootingsper100schools,2020HomicideRate,FirearmDeathsPer100000,FirearmDeathsTotal,DeathscausedbyDUIPer100k,LifeExpectancy2019,2017HateCrimesper100K,%DomesticViolenceAgainstWomen,%DomesticViolenceAgainstMen,DeathPenalty,NumberofParticipatingAgencies,PopulationCovered,PercentageofPopulation,TotalOffenses,Arson,Bribery,Burglary/Breaking&Entering,Counterfeiting/Forgery,Destruction/Damage/Vandalism,Embezzlement,Extortion/Blackmail,FraudOffenses,Larceny/TheftOffenses,MotorVehicleTheft,Robbery,StolenPropertyOffenses,OffenseRate,ArsonRate,BriberyRate,Burglary/Breaking&EnteringRate,Counterfeiting/ForgeryRate,Destruction/Damage/VandalismRate,EmbezzlementRate,Extortion/BlackmailRate,FraudRate,Larceny/TheftRate,MotorVehicleTheftRate,RobberyRate,StolenPropertyRate,GlobalEntryAirports,PrivateandCommercialAutomobiles,PublicAutomobiles,TotalAutomobiles,CarsperCapita,PrivateandCommercialBusses,PubliclyOwnedBusses,TotalBusses,BussesPer100kPopulation,PrivateandCommercialTrucks,PubliclyOwnedTrucks,TotalTrucks,TrucksperCapita,PrivateandCommercialMotorcycles,PubliclyOwnedMotorcycles,TotalMotorcycles,Motorcyclesper1000Population,ALLMOTORVEHICLES:PrivateandCommercial,ALLMOTORVEHICLES:PubliclyOwned,ALLMOTORVEHICLES:Total,CrashDeathsbyCarOccupants,CrashDeathsbyPickupandSUVoccupants,CrashDeathsbyLargeTruckOccupants,CrashDeathsbyMotorcyclists,CrashDeathsbyPedestrians,CrashDeathsbyBicyclists,TotalVehicleCrashDeahts,RoadQualitySurvey,RoadQuality(Rural),RoadQuality(Urban),HealthcareMaleUninsured%,HealthcareFemaleUninsured%,TotalUninsured%,DrugOverdoseRate,DrugOverdoseDeaths,Child/TeenSuicideRate,SuicideRate2020,SuicideDeaths2020,InfantMortality(2019),MaternalMortality(Per100k),#ChildreninFosterCare2019,#ChildreninvolvedinInvestigation,%InvestigationsResultinginFosterCare,FosterCarePer1000People,SecondParentAdoption,FosterCareNon-DiscriminationLaws,FosterCareParentTrainingRequired,PrentalPresumptionforSame-SexCouples,LawsPermittingDiscriminationinAdoptionorFosterPlacement,%TransPopulationages13-17,%TransPopulationages18-24,%TransPopulationages25-64,%TransPopulationages65+,%TransPopulationALLAGES,NumberofAbortions,Per1kWomen,Per1kLiveBirths,OutofStateResidents,TeenPregnancy(Per100k),SARate(Per100k),AbortionLegality,AfterRoeandCasey,FaultDivorce,No-FaultDivorce,SeparationDivorce,CulturalDiversity,TransSafety,LGBTQ+Safety,CollegeReadiness,MathScores,ReadingScores,PreschoolEnrollment,LiteracyRate,SpendingPerStudent,HSGraduationRate,ChildcareCostsPerYear,%ChildcareofMedWageYear,TeachersUnionsRank,PublicSchools,PrivateSchools,TotalSchools,Public%TotalSchools,InternetSpeedMbps,RecreationalMarijuana,MedicinalMarijuana,NationalParks,Population/NationalPark,StateParks,Population/StatePark,TotalParks,Population/Parks,Parkper500Miles,NumberofRollerCoasters,RollerCoastersper5kMiles,CoastersPerMillionPeople,#ofReligiousCongregations,FosterChildrenperReligiousCongregation,HomeslessPopulationtoReligiousCongregations,ReligiousInstitutionsPer10000People,Congregationsper100SqMiles, ReligiousInstitutionsPer10000People2 , Congregationsper100SqMiles3 ,Protestant(%),Catholic(%),TheChurchofJesusChristofLatter-daySaints(%),OtherChristian(%),Other(%),Irreligion(%),OverallPreparedness,ExtremeHeat,Drought,Wildfires,InlandFlooding,CoastalFlooding,%FoodInsecureAdults,%FoodInsecureChildren,HappinessRating,ShoreLine(StatueMiles),SharkAttackRate,ObesityRate,UnemploymentRate,DivorceRate,HomelessPopulationPerCapita,HomelessPopulationPerState,InternationalImmigration,InternationImmigrationper100k,FoodStamp,PovertyRate,AlcoholConsumptionperCapita(Gallons),CorporateHomeOwnership,PrivateHomeOwnership2021,HomeVacancyRate,CorporateOwnershipVsVacancyRate,AirQuality,WaterQuality,AverageHumidity,SuperfundCleanup2016,SuperfundCleanupPer1kMiles,AverageTemperature,WindPowerProduced(BillionKWh),WindKWhperPerson,WindKHwperSqMile,Totalelectricitygeneration,%fromcoal,%fromhydroelectric,%fromnaturalgas,%fromnuclear,%fromsolar,%fromwind,DefenseSpending(2015)(billions),%ofStateGDP(2015),StateGDPQ42021,GDPPerCapita,HouseSeats,ElectoralCollegeVotes,PopulationperHouseSeat,PopulationperElectoralVote,PopulationtoAverageCongressionalRepresentation,VotedBiden,VotedTrump
1,Alabama,AL,50750,5024279.00,3171351.00,63,1288159.00,26,23119.00,0.00,75918.00,2.00,2612.00,0.05,14455.00,0.29,184618.00,4.00,264047.00,5.00,0.50,99,0.00,7.25,1069.00,4632.33,55588.00,26.73,432330.00,193273.00,24.20,0.00,800.00,637.00,682.00,839.00,1085.00,1243.00,1147.00,144272.00,106.00,19900.00,116.00,31.00,3.00,0.15,1140.00,167.00,79.00,73.00,289.00,397.39,9.84,5.51,100.00,3.99,682.00,839.00,1085.00,1243.00,397.39,167.01,7.25,26.73,53.81,5.00,YES,4,5.22,9.22,7.50,9.80,4178.00,3339.00,2775.00,695.48,282.01,504.00,55.50,453.60,416.00,20595.00,1132.00,,421.00,11209.00,222.00,157.00,3.00,71.00,31.00,6.00,6.00,14.20,23.60,1185.70,5.50,75.20,0.31,37.50,29.50,1,356.00,3734077.00,0.74,122274.00,456.00,11.00,12491.00,2483.00,27112.00,124.00,122.00,10712.00,55804.00,9902.00,1481.00,1576.00,3275.00,12.00,0.29,335.00,66.00,726.00,3.00,3.00,287.00,1494.00,265.00,40.00,42.00,No,1993089.00,42287.00,2035376.00,0.41,5492.00,132.00,5624.00,112.00,3094573.00,69866.00,3164439.00,1.00,114901.00,0.00,114901.00,23.00,5208055.00,112285.00,5320340.00,393.00,311.00,25.00,78.00,101.00,10.00,934.00,6.28,2.00,7.00,14.00,11.00,13.00,22.30,1029.00,27.50,16.00,793.00,5.07,36.40,3914.00,39306.00,9.96,0.78,No,No,No,No,Yes,1.08,1.18,0.42,0.3,0.48,6063.00,6.40,103.00,840.00,26.00,42.00,20weeks,NotProtected,Y,Y,N,28,47,44,44,49,48,38,85.2,9696.00,86,6001,10,20,509,45,554,92,99.7,FullyIllegal,NOTTRUE,0,,22,229085,22,229085,0.22,1,0.1,,10514.00,0.4,0.38,21,21,  21 ,  21 ,  78 ,  7 ,  1 ,,  1 ,  12 ,D,D+,C,F,,F,15,22.9,40.28,607,9,39.9,2.6,3.2,0.08,4019.00,2772.00,1,14.76,16.08,1.99,18,72.5,12.75,0.05,42,2,0.716,13,3.9,62.8,0,,0.0,10177,11.3,10.2,44.2,31.3,0,0,12.2,5.9,207835200000.00,41238.00,7,9,719982.00,559986.00,1619960.00,36.6,62
2,Alaska,AK,570641,733391.00,421758.00,58,20731.00,3,108838.00,15.00,43449.00,6.00,12455.00,1.70,4575.00,0.62,71761.00,10.00,49824.00,7.00,0.32,1,0.00,10.85,1237.00,5360.33,64324.00,30.93,486671.00,230260.00,13.80,0.00,1203.00,946.00,1039.00,1338.00,1758.00,2026.00,1907.00,227960.00,108.00,21010.00,123.00,43.00,4.00,0.23,594.00,139.00,55.00,85.00,269.00,483.24,10.83,4.61,24.25,4.87,1039.00,1338.00,1758.00,2026.00,483.24,138.94,10.85,30.93,61.98,0.00,NO,0,1.76,1.76,7.50,4.60,5114.00,3776.00,3154.00,647.55,291.19,684.00,64.50,837.80,247.00,1782.00,1987.00,238.00,417.00,1330.00,182.00,54.00,7.00,25.00,3.00,4.00,0.00,7.30,23.50,172.30,3.10,77.70,0.54,43.30,30.20,0,30.00,402557.00,0.55,7301.00,59.00,2.00,786.00,122.00,2199.00,22.00,34.00,602.00,2761.00,611.00,72.00,31.00,1814.00,15.00,0.50,195.00,30.00,546.00,5.00,8.00,150.00,686.00,152.00,18.00,8.00,Yes,167313.00,3831.00,171144.00,0.23,8022.00,598.00,8620.00,1175.00,571380.00,14901.00,586281.00,1.00,26772.00,9.00,26781.00,37.00,773487.00,19339.00,792826.00,14.00,25.00,2.00,4.00,13.00,2.00,64.00,8.61,15.00,8.00,17.00,14.00,15.00,22.00,160.00,16.00,27.50,204.00,6.99,12.40,1491.00,14429.00,10.33,2.04,No,No,No,Yes,No,1.23,1.51,0.65,0.34,0.7,1255.00,8.60,120.00,9.00,18.00,151.00,40,Protected,Y,Y,N,11,45,34,37,43,49,33,90.8,17726.00,93,12120,18,15,1550,273,1823,85,88,FullyLegal,TRUE,8,91584,119,6157,127,5769,0.11,0,0.0,,1246.00,1.2,1.88,17,0,  17 ,,  37 ,  16 ,  5 ,  5 ,  6 ,  31 ,B+,A,,,,B,11.7,18.1,40.85,33904,,33.5,4.6,3.7,0.32,2347.00,659.00,0.9,11.69,10.67,2.85,2,63.9,8.45,0.06,28,50,0.771,6,95.1,26.6,0.127,  173 ,222.6,489,9,25.4,48.3,0,0,3.1,3.3,6.1,50720600000.00,69227.00,1,3,732673.00,244224.00,549505.00,42.8,52.8
3,Arizona,AZ,113642,7151502.00,3816547.00,53,317161.00,4,263930.00,4.00,248837.00,3.00,14323.00,0.20,31611.00,0.44,266840.00,4.00,2192253.00,31.00,1.13,63,11.00,13.85,1220.00,5286.67,63440.00,30.50,503408.00,216972.00,14.90,11.00,1149.00,854.00,944.00,1180.00,1604.00,1802.00,1394.00,210872.00,87.00,15225.00,85.00,39.00,3.00,0.14,1048.00,143.00,78.00,116.00,289.00,302.80,9.58,4.49,17.00,4.43,944.00,1180.00,1604.00,1802.00,302.80,142.84,13.85,30.50,52.57,8.00,YES,5.6,2.80,8.40,5.60,9.50,4784.00,3604.00,3159.00,713.05,329.73,703.00,46.30,654.80,536.00,40951.00,2105.00,742.00,428.00,62962.00,865.00,377.00,5.00,164.00,8.00,1.00,1.00,7.50,16.70,1194.30,4.00,78.80,3.91,42.60,33.40,1,79.00,3949562.00,0.55,104648.00,413.00,11.00,8763.00,1231.00,22229.00,261.00,256.00,14733.00,48802.00,5818.00,1129.00,1002.00,2650.00,10.00,0.28,222.00,31.00,563.00,7.00,6.00,373.00,1236.00,147.00,29.00,25.00,Yes,2391632.00,18386.00,2410018.00,0.34,1453.00,7033.00,8486.00,119.00,3479891.00,34312.00,3514203.00,0.00,121073.00,1.00,121074.00,17.00,5994049.00,59732.00,6053781.00,307.00,194.00,15.00,161.00,222.00,33.00,1054.00,7.81,4.00,12.00,16.00,15.00,15.00,35.80,2550.00,19.00,17.60,1363.00,7.38,27.30,9492.00,82307.00,11.53,1.30,No,No,No,Yes,Yes,1.54,1.92,0.71,0.23,0.73,12533.00,9.30,153.00,125.00,19.00,48.00,Viability,Banned,Y,Y,N,9,34,28,47,27,37,42,86.9,8239.00,87,10948,16,51,1113,122,1235,90,98.8,FullyLegal,TRUE,3,2425439,36,202120,39,186572,0.17,0,0.0,,4673.00,2.0,2.91,7,4,  7 ,  4 ,  39 ,  21 ,  5 ,  1 ,  6 ,  27 ,C,C+,D+,D,,,14.4,22.4,53.47,,,31.3,3.5,3.6,0.19,13588.00,7782.00,1,11.12,13.66,2.25,14,64.5,10.15,0.04,50,31,0.385,9,12.6,60.3,1.6,  220 ,14079.3,7627,14,4.7,38.3,35.2,10,1.9,10,3.4,343943400000.00,47269.00,9,11,808480.00,661483.00,2223319.00,49.4,49.1
4,Arkansas,AR,52075,3011524.00,2063550.00,69,449884.00,15,20549.00,1.00,51210.00,2.00,14280.00,0.47,8047.00,0.27,147157.00,5.00,256847.00,9.00,0.32,58,5.00,11.00,997.00,4320.33,51844.00,24.93,411633.00,183945.00,20.50,5.00,760.00,581.00,611.00,768.00,1011.00,1167.00,1071.00,132973.00,106.00,12088.00,70.00,31.00,3.00,0.12,1098.00,134.00,62.00,111.00,269.00,282.46,10.42,5.26,8.00,3.95,611.00,768.00,1011.00,1167.00,282.46,134.07,11.00,24.93,47.57,5.90,YES,6.5,3.01,9.51,5.13,10.20,3880.00,3112.00,2695.00,682.31,258.65,512.00,57.20,671.90,582.00,17713.00,1597.00,252.00,450.00,24948.00,824.00,115.00,4.00,216.00,17.00,6.00,1.00,13.00,22.60,680.60,4.70,75.70,0.25,40.80,34.80,1,285.00,2916168.00,0.97,123785.00,557.00,2.00,14101.00,3056.00,27186.00,88.00,59.00,12169.00,54687.00,8110.00,1272.00,2498.00,4245.00,19.00,0.07,484.00,105.00,932.00,3.00,2.00,417.00,1875.00,278.00,44.00,86.00,No,860646.00,11791.00,872437.00,0.29,11322.00,722.00,12044.00,400.00,1831759.00,27332.00,1859091.00,1.00,169796.00,1.00,169797.00,56.00,2873523.00,39846.00,2913369.00,194.00,233.00,18.00,80.00,81.00,6.00,638.00,7.37,4.00,13.00,15.00,10.00,12.00,19.10,546.00,17.60,19.00,583.00,5.19,37.50,3008.00,57306.00,5.25,0.99,No,No,No,No,No,0.88,3.59,0.24,0.58,0.7,3249.00,5.60,87.00,372.00,30.00,77.00,20weeks,Banned,Y,Y,N,29,32,26,45,43,37,19,86.3,10139.00,87,6890,12,48,2513,250,2763,91,82.3,Mixed,TRUE,1,3025891,52,58190,53,57092,0.51,3,0.3,  1 ,6697.00,0.4,0.36,22,13,  22 ,  13 ,  70 ,  8 ,  1 ,,  3 ,  18 ,F,D,F,F,F,,15.2,23.2,38.83,,,38.7,3.4,2.9,0.08,2409.00,268.00,0.09,11.6,16.31,1.78,12,63.7,17.69,0.06,22,28,0.709,9,5.8,60.4,0,,0.0,4200,17.6,8.2,42.4,28.6,1.4,0,1.4,1.2,122275400000.00,40410.00,4,6,756473.00,504315.00,1134709.00,34.8,62.4
5,California,CA,155973,39538223.00,13714587.00,35,2119286.00,5,156085.00,0.00,5978795.00,15.00,138167.00,0.35,223929.00,0.57,1627722.00,4.00,15579652.00,39.00,0.60,253,189.00,15.50,1572.00,6812.00,81744.00,39.30,745314.00,291277.00,14.50,189.00,1661.00,1195.00,1327.00,1668.00,2269.00,2619.00,2282.00,371981.00,101.00,23999.00,108.00,42.00,5.00,0.27,542.00,147.00,62.00,117.00,353.00,370.96,15.22,6.40,86.00,5.11,1327.00,1668.00,2269.00,2619.00,370.96,147.15,15.50,39.30,54.17,13.30,YES,7.25,1.43,8.68,2.50,13.50,5892.00,4224.00,3706.00,725.30,243.51,579.00,28.30,442.00,309.00,122417.00,1623.00,353.00,175.00,1622.00,4.00,1186.00,3.00,1.00,66.00,2.00,1.00,6.10,8.50,3360.70,2.80,80.90,2.77,34.90,31.10,1,15.00,2861998.00,0.07,81313.00,407.00,2.00,7103.00,960.00,14837.00,225.00,148.00,7873.00,34122.00,11272.00,2300.00,2064.00,2841.00,14.00,0.07,248.00,34.00,518.00,8.00,5.00,275.00,1192.00,394.00,80.00,72.00,Yes,13957692.00,243708.00,14201400.00,0.36,34282.00,66546.00,100828.00,255.00,15008976.00,301621.00,15310597.00,0.00,771826.00,13598.00,785424.00,20.00,29772776.00,625473.00,30398249.00,1378.00,674.00,25.00,539.00,986.00,129.00,3847.00,6.66,4.00,39.00,11.00,9.00,10.00,21.80,8908.00,10.00,10.00,4144.00,3.92,4.00,27357.00,343126.00,7.97,0.70,Yes,Yes,Yes,Yes,No,1.93,0.7,0.5,0.34,0.49,,,,,12.00,37.00,Viability,Protected,N,Y,N,1,1,1,33,38,37,16,76.9,12498.00,83,16945,18,6,10413,2514,12927,81,131,FullyLegal,TRUE,9,4359760,270,145325,279,140637,0.89,51,1.6,  1 ,23558.00,1.2,7.22,6,15,  6 ,  15 ,  32 ,  28 ,  1 ,  3 ,  9 ,  27 ,A,A,A,A,A,A,11.8,18.9,63.14,3427,132,27.6,4.1,,0.43,170014.00,74028.00,2,10.08,12.98,2.49,9,63.7,10.4,0.01,49,15,0.61,97,1.6,59.4,15.626,  398 ,100184.0,15279,0.2,10.4,47.4,9.9,25.8,8.5,49.3,2.1,2946067200000.00,75082.00,53,55,740337.00,713415.00,10179627.00,63.5,34.3
6,Colorado,CO,103730,5773714.00,3760663.00,65,221310.00,4,33768.00,1.00,195220.00,3.00,9005.00,0.16,29560.00,0.51,260798.00,5.00,1263798.00,22.00,1.39,56,8.00,13.65,1361.00,5897.67,70772.00,34.03,632277.00,264313.00,16.60,8.00,1401.00,953.00,1020.00,1276.00,1673.00,1989.00,1681.00,273718.00,100.00,20053.00,93.00,38.00,4.00,0.14,704.00,97.00,46.00,109.00,323.00,326.92,10.80,4.80,0.00,4.59,1020.00,1276.00,1673.00,1989.00,326.92,97.29,13.65,34.03,48.98,4.55,YES,2.9,4.82,7.72,8.30,9.70,5326.00,4050.00,3625.00,789.84,335.68,756.00,45.10,423.10,332.00,19785.00,1603.00,518.00,236.00,5697.00,98.00,301.00,5.00,19.00,18.00,3.00,1.00,5.80,15.40,889.20,3.20,80.00,1.90,36.80,30.50,1,235.00,5766585.00,1.00,295735.00,1341.00,113.00,22988.00,3037.00,55838.00,329.00,887.00,41910.00,120385.00,40851.00,4310.00,3746.00,5128.00,23.00,1.96,399.00,53.00,968.00,6.00,15.00,727.00,2088.00,708.00,75.00,65.00,Yes,1623494.00,15534.00,1639028.00,0.28,5718.00,8002.00,13720.00,238.00,3481409.00,37465.00,3518874.00,1.00,179080.00,6.00,179086.00,31.00,5289701.00,61007.00,5350708.00,165.00,187.00,17.00,140.00,87.00,15.00,622.00,6.65,5.00,18.00,15.00,12.00,14.00,24.90,1492.00,21.50,21.50,1302.00,4.80,11.50,4283.00,45829.00,9.35,0.74,Yes,Yes,No,Yes,No,1.14,2.09,0.51,0.06,0.6,8873.00,7.80,138.00,978.00,14.00,65.00,40,Protected,N,Y,N,18,5,10,6,16,6,12,90.1,10202.00,92,15325,20,35,1942,281,2223,87,125,FullyLegal,TRUE,4,1453017,43,135164,47,123661,0.23,9,0.4,  2 ,4188.00,1.0,2.48,7,4,  7 ,  4 ,  43 ,  16 ,  2 ,  2 ,  5 ,  29 ,B,B+,B+,,,,10.1,14.9,52.57,,,25.1,3.4,2.9,0.18,10393.00,10523.00,2,7.74,9.49,2.88,14,63.6,9.46,0.05,43,29,0.541,19,5.5,45.1,15.029,  2586 ,144885.8,4407,30.3,2.6,29.3,0,6.5,33.2,8.7,2.8,373097400000.00,64194.00,7,9,830296.00,645785.00,1868165.00,55.4,41.9
7,Connecticut,CT,4845,3605944.00,2279232.00,63,360937.00,10,6404.00,0.00,170459.00,5.00,974.00,0.03,27076.00,0.75,137569.00,4.00,623293.00,17.00,0.09,744,14.00,14.00,1458.00,6318.00,75816.00,36.45,896490.00,311589.00,19.80,14.00,1217.00,1064.00,1249.00,1559.00,1944.00,2326.00,2096.00,224336.00,108.00,16024.00,111.00,43.00,3.00,0.33,713.00,237.00,81.00,105.00,325.00,343.30,10.89,4.96,88.00,4.95,1249.00,1559.00,1944.00,2326.00,343.30,236.93,14.00,36.45,57.91,6.99,YES,6.35,0.00,6.35,0.00,15.40,5345.00,3786.00,3206.00,647.64,294.38,647.00,23.60,181.60,247.00,8751.00,1512.00,579.00,156.00,2467.00,68.00,23.00,1.00,107.00,8.00,2.00,1.00,4.60,6.00,216.40,3.40,80.30,3.09,37.70,33.90,0,107.00,3605597.00,1.00,84370.00,163.00,5.00,5100.00,1120.00,16425.00,191.00,183.00,8528.00,41977.00,7407.00,1930.00,1341.00,2340.00,5.00,0.14,141.00,31.00,456.00,5.00,5.00,237.00,1164.00,205.00,54.00,37.00,Yes,1210262.00,909.00,1211171.00,0.34,11705.00,68.00,11773.00,326.00,1558840.00,4821.00,1563661.00,0.00,80926.00,23.00,80949.00,22.00,2861733.00,5821.00,2867554.00,113.00,54.00,3.00,58.00,56.00,5.00,295.00,7.00,6.00,15.00,9.00,6.00,7.00,39.10,1371.00,9.30,9.30,364.00,4.33,10.50,2010.00,18665.00,10.77,0.56,Yes,Yes,No,Yes,No,1.64,1.35,0.45,0.38,0.54,9584.00,14.20,272.00,268.00,8.00,22.00,Viability,Protected,Y,Y,Y,15,8,13,1,9,2,3,91.4,20635.00,91,15591,19,17,1008,261,1269,79,112.6,Mixed,TRUE,0,,109,33079,109,33079,11.25,5,5.2,  1 ,2597.00,0.8,1.11,7,54,  7 ,  54 ,  35 ,  33 ,  1 ,  2 ,  7 ,  23 ,A,A,,,A,B,10.1,15.1,59.23,618,1,30.4,4.1,1.6,0.08,2885.00,12323.00,3,10.21,9.7,2.4,10,66.1,10.71,0.01,25,37,0.692,14,0.3,49,0.013,  4 ,2683.2,3269,0,1.2,53.2,41.6,3.2,0,9.7,3.8,251070500000.00,69634.00,5,7,721119.00,515085.00,1261959.00,59.2,39.2
8,Delaware,DE,1955,989948.00,579851.00,59,212960.00,22,2521.00,0.00,42398.00,4.00,304.00,0.03,4601.00,0.46,43023.00,4.00,104290.00,11.00,0.98,506,0.00,11.75,1227.00,5317.00,63804.00,30.68,480472.00,222092.00,18.10,0.00,1133.00,935.00,1014.00,1253.00,1637.00,1910.00,1563.00,190846.00,95.00,16242.00,107.00,41.00,3.00,0.15,950.00,145.00,66.00,91.00,289.00,380.39,12.33,5.17,40.00,4.63,1014.00,1253.00,1637.00,1910.00,380.39,144.88,11.75,30.68,57.90,6.60,YES,0,0.00,0.00,0.00,12.40,4658.00,3405.00,2879.00,621.91,233.53,557.00,34.40,431.90,415.00,4141.00,1654.00,355.00,324.00,13082.00,1304.00,25.00,3.00,516.00,5.00,5.00,2.00,9.90,14.40,142.60,3.30,78.10,3.01,37.60,32.70,0,62.00,1003384.00,1.01,40185.00,155.00,5.00,2371.00,389.00,9217.00,116.00,64.00,9756.00,15395.00,1609.00,570.00,538.00,4005.00,15.00,0.50,236.00,39.00,919.00,12.00,6.00,972.00,1534.00,160.00,57.00,54.00,No,414460.00,1455.00,415915.00,0.42,3391.00,468.00,3859.00,390.00,579091.00,3247.00,582338.00,1.00,23253.00,65.00,23318.00,24.00,1020195.00,5235.00,1025430.00,40.00,33.00,0.00,15.00,25.00,3.00,116.00,6.88,1.00,11.00,14.00,8.00,11.00,47.30,444.00,12.30,12.30,124.00,5.10,0.40,297.00,12362.00,2.40,0.30,Yes,No,No,Yes,No,0.96,2.36,0.69,0.49,0.82,1890.00,10.50,174.00,223.00,15.00,31.00,Viability,Protected,Y,Y,N,17,14,19,18,37,36,10,89.3,15639.00,90,11021,16,19,230,88,318,72,145.8,Mixed,TRUE,0,,16,62712,16,62712,4.09,0,0.0,,831.00,0.4,2.86,8,43,  8 ,  43 ,  46 ,  22 ,,  1 ,  6 ,  23 ,B+,B+,,,B+,B+,10.5,21.6,52.25,381,,33.9,4.5,2.3,0.24,2376.00,73.00,0.07,12.95,10.96,3.52,12,72.7,16.26,0.04,36,12,0.709,13,0.2,55.3,0.005,  5 ,2557.5,191,0,0,86.4,0,11,0,0.6768,1,65872900000.00,65651.00,1,3,1003384.00,334461.00,752538.00,58.7,39.8
9,Florida,FL,53997,21538187.00,11100503.00,52,3127052.00,15,42169.00,0.00,629626.00,3.00,11521.00,0.05,137933.00,0.64,792143.00,4.00,5697240.00,26.00,1.37,399,1.00,11.00,1186.00,5139.33,61672.00,29.65,623736.00,223179.00,15.20,60.00,1270.00,928.00,1000.00,1209.00,1585.00,1879.00,1466.00,195549.00,92.00,17777.00,110.00,41.00,3.00,0.15,1096.00,162.00,73.00,89.00,290.00,364.25,11.07,4.77,225.00,4.47,1000.00,1209.00,1585.00,1879.00,364.25,161.77,11.00,29.65,59.39,0.00,NO,6,1.08,7.08,2.50,9.10,4672.00,3463.00,2937.00,656.97,265.28,616.00,35.30,383.60,433.00,96009.00,1411.00,227.00,340.00,2313.00,11.00,19.00,0.00,120.00,47.00,2.00,1.00,7.80,13.70,2950.70,4.00,79.00,0.71,37.40,29.30,1,2.00,,0.00,969.00,0.00,0.00,22.00,6.00,99.00,6.00,0.00,78.00,662.00,50.00,24.00,22.00,,,,,,,,,,,,,26.00,Yes,191873.00,18424.00,210297.00,0.01,1024.00,4109.00,5133.00,24.00,123078.00,14462.00,137540.00,0.00,3182.00,385.00,3567.00,0.00,319157.00,37380.00,356537.00,1049.00,691.00,30.00,600.00,696.00,167.00,3331.00,5.73,1.00,5.00,5.00,3.00,4.00,35.00,7231.00,13.20,13.20,3135.00,5.80,22.30,14632.00,285034.00,5.13,0.67,No,No,No,Yes,No,2.11,2.21,0.77,0.56,0.92,3624.00,19.40,379.00,2320.00,16.00,38.00,24weeks,Banned,Y,Y,Y,6,31,31,16,34,22,11,80.3,9346.00,88,9238,14,33,4323,1851,6174,70,127.79,Mixed,TRUE,3,7260376,191,114037,194,112274,1.80,28,2.6,  1 ,15611.00,0.9,1.66,7,29,  7 ,  29 ,  67 ,  9 ,  1 ,  2 ,  3 ,  18 ,C,D,B+,B+,D,F,10.1,15.8,50.58,8436,896,,2.7,3,0.12,25846.00,88678.00,4,13.01,12.94,2.61,16,68.1,14.88,0.01,15,8,0.745,53,1.0,70.7,0,,0.0,17003,4.1,0.1,72.6,13.3,7.5,0,6.8,5.7,1034362400000.00,47489.00,27,29,806708.00,751073.00,5848636.00,47.9,51.2
10,Georgia,GA,57919,10711908.00,5362156.00,50,3278119.00,31,20375.00,0.00,475680.00,4.00,6101.00,0.06,55887.00,0.52,390133.00,4.00,1123457.00,10.00,1.01,185,60.00,7.25,1221.00,5291.00,63492.00,30.53,543748.00,225232.00,17.50,12.00,1080.00,775.00,807.00,966.00,1248.00,1463.00,1383.00,180378.00,111.00,24880.00,133.00,32.00,3.00,0.14,1072.00,145.00,62.00,70.00,311.00,397.97,11.47,4.41,20.00,4.15,807.00,966.00,1248.00,1463.00,397.97,145.47,7.25,30.53,51.05,5.75,YES,4,3.32,7.32,4.90,8.90,4820.00,3854.00,3311.00,797.75,288.64,751.00,49.20,400.10,495.00,54113.00,1006.00,216.00,361.00,54353.00,503.00,528.00,5.00,102.00,41.00,4.00,1.00,10.50,17.70,1896.00,3.50,77.40,0.30,33.00,30.40,1,447.00,8709490.00,0.81,243173.00,688.00,26.00,18452.00,5436.00,43926.00,451.00,331.00,33582.00,114819.00,17985.00,4053.00,3424.00,2792.00,8.00,0.30,212.00,62.00,504.00,5.00,4.00,386.00,1318.00,206.00,47.00,,Yes,7736727.00,104826.00,7841553.00,0.73,24415.00,35758.00,60173.00,562.00,9792260.00,150443.00,9942703.00,1.00,617323.00,2754.00,620077.00,58.00,18170725.00,293781.00,18464506.00,581.00,483.00,29.00,192.00,279.00,32.00,1664.00,5.81,1.00,5.00,19.00,16.00,17.00,18.00,1916.00,13.70,13.70,1491.00,6.28,48.40,6390.00,157652.00,4.05,0.59,No,No,No,No,No,1.32,1.28,0.49,0.41,0.55,69102.00,18.10,309.00,2771.00,20.00,27.00,20weeks,Banned,N,Y,N,13,37,48,21,34,30,13,83.3,10810.00,87,8520,13,50,2322,595,2917,80,128,Mixed,NOTTRUE,0,,63,171422,63,171422,0.54,15,1.3,  1 ,12292.00,0.5,0.87,11,21,  11 ,  21 ,  38 ,  20 ,  3 ,  2 ,  10 ,  26 ,C,C,C+,B,C,D+,12.9,20.6,52.73,2344,17,33.9,2.8,1.9,0.1,10712.00,15053.00,1,12.44,13.98,1.9,19,65.6,15.8,0.03,40,6,0.711,16,3.6,63.5,0,,0.0,8501,6.8,3.6,53.9,25.7,5.9,0,17.6,2,580626800000.00,53764.00,14,16,771398.00,674973.00,3085590.00,49.5,49.2
11,Hawaii,HI,6423,1455271.00,314365.00,22,21877.00,2,2321.00,0.00,531558.00,37.00,149054.00,10.24,5283.00,0.36,291890.00,20.00,138923.00,10.00,0.68,227,12.00,12.00,1152.00,4992.00,59904.00,28.80,453471.00,212622.00,21.10,2.00,1704.00,1359.00,1504.00,1951.00,2632.00,2996.00,2350.00,348637.00,89.00,29053.00,163.00,68.00,6.00,0.44,531.00,235.00,86.00,76.00,231.00,556.76,12.63,5.50,45.00,5.31,1504.00,1951.00,2632.00,2996.00,556.76,234.97,12.00,28.80,91.98,11.00,YES,4,0.44,4.44,0.50,14.10,4288.00,2337.00,1545.00,291.04,122.36,281.00,14.90,254.20,217.00,3037.00,947.00,84.00,410.00,19331.00,1341.00,316.00,22.00,62.00,0.00,0.00,0.00,3.30,3.40,49.50,3.00,80.90,,41.50,24.10,0,2.00,1059012.00,0.73,35378.00,325.00,2.00,3463.00,395.00,1053.00,29.00,113.00,4170.00,20064.00,4286.00,734.00,744.00,3341.00,31.00,0.19,327.00,37.00,99.00,3.00,11.00,394.00,1895.00,405.00,69.00,39.00,Yes,3444115.00,51306.00,3495421.00,2.40,12290.00,24612.00,36902.00,2536.00,5006420.00,83196.00,5089616.00,3.00,207615.00,42.00,207657.00,143.00,8670440.00,159156.00,8829596.00,24.00,17.00,1.00,18.00,21.00,4.00,85.00,7.33,24.00,32.00,23.00,18.00,20.00,18.30,274.00,12.90,12.90,184.00,4.88,12.90,1206.00,4374.00,27.57,0.84,No,No,No,Yes,No,1.18,1.24,0.48,0.61,0.6,31991.00,14.90,248.00,4780.00,16.00,55.00,Viability,Protected,Y,Y,N,3,12,15,10,42,41,9,84.1,15242.00,92,13731,21,45,295,108,403,73,90.2,Mixed,TRUE,2,720777,50,28831,52,27722,4.05,0,0.0,,1314.00,0.9,4.54,9,20,  9 ,  20 ,  37 ,  10 ,  19 ,  1 ,  4 ,  27 ,D,F,,,,D,13.6,21.2,69.58,1052,,25,4.1,,0.41,5967.00,5014.00,4,10.89,9.32,2.66,12,60.2,15.88,0.04,2,1,0.733,3,2.1,70,0.674,  468 ,104935.4,683,0,1.6,0,0,19.2,9.7,12.6,2.6,75981600000.00,52708.00,2,4,720777.00,360388.00,720777.00,63.7,34.3
12,Idaho,ID,82751,1839106.00,1450523.00,79,14785.00,1,18903.00,1.00,26036.00,1.00,3401.00,0.18,8243.00,0.45,77808.00,4.00,239407.00,13.00,1.61,22,2.00,7.25,1009.00,4372.33,52468.00,25.23,462352.00,197850.00,25.30,1.00,923.00,699.00,758.00,961.00,1342.00,1583.00,1228.00,185322.00,92.00,25562.00,133.00,38.00,4.00,0.10,961.00,99.00,237.00,69.00,263.00,281.12,10.52,4.70,0.00,4.23,758.00,961.00,1342.00,1583.00,281.12,98.96,7.25,25.23,52.06,6.92,YES,6,0.03,6.03,3.00,10.70,3904.00,2943.00,2563.00,606.01,243.67,545.00,60.10,242.60,452.00,8571.00,2387.00,673.00,502.00,6119.00,322.00,50.00,3.00,118.00,3.00,2.00,0.00,2.50,17.60,323.70,3.50,79.50,3.12,42.50,38.20,1,110.00,1889225.00,1.03,31407.00,140.00,3.00,2811.00,627.00,6959.00,118.00,90.00,5252.00,13226.00,1618.00,156.00,407.00,1662.00,7.00,0.16,149.00,33.00,368.00,6.00,5.00,278.00,700.00,86.00,8.00,70.00,No,468176.00,6803.00,474979.00,0.26,1695.00,1190.00,2885.00,157.00,716046.00,14045.00,730091.00,0.00,36709.00,271.00,36980.00,20.00,1222626.00,22309.00,1244935.00,85.00,71.00,6.00,27.00,14.00,3.00,214.00,7.44,2.00,11.00,6.00,5.00,6.00,15.90,287.00,10.50,23.20,419.00,5.50,23.80,1305.00,13384.00,9.75,0.69,Yes,No,No,No,No,2.15,1.5,0.66,0.44,0.7,2249.00,8.50,128.00,25.00,15.00,43.00,Viability,Banned,N,Y,Y,35,44,25,5,9,10,48,89.5,7771.00,91,7474,13,1,1324,188,1512,88,75.1,FullyIllegal,NOTTRUE,1,1900923,32,59404,33,57604,0.20,4,0.2,  2 ,2427.00,0.5,0.83,13,3,  13 ,  3 ,  43 ,  28 ,,  2 ,  6 ,  22 ,D+,D,C,C+,,,10.4,16,59.58,,,31.6,2.7,1.6,0.11,2023.00,167.00,0.09,8.17,11.67,2.94,8,70.2,7.87,0.00,9,42,0.624,6,13.8,44.4,2.657,  1398 ,32108.4,1318,0,42.5,28.2,0,4.6,22,7.8,9.8,79082900000.00,41602.00,2,4,950462.00,475231.00,950462.00,33.1,63.8
13,Illinois,IL,55593,12812508.00,7472751.00,58,1775612.00,14,16561.00,0.00,747280.00,6.00,2959.00,0.02,45080.00,0.35,414855.00,3.00,2337410.00,18.00,0.01,230,1.00,13.00,1325.00,5741.67,68900.00,33.13,627329.00,250266.00,18.10,17.00,1065.00,633.00,704.00,882.00,1150.00,1282.00,1668.00,177055.00,145.00,13620.00,68.00,27.00,3.00,0.17,728.00,127.00,35.00,105.00,324.00,327.31,10.57,5.06,69.00,4.55,704.00,882.00,1150.00,1282.00,327.31,126.89,13.00,33.13,40.34,4.96,YES,6.25,2.57,8.82,9.75,12.90,5001.00,4119.00,3665.00,805.45,346.72,724.00,27.80,425.90,306.00,38259.00,1166.00,223.00,156.00,4936.00,39.00,67.00,1.00,74.00,56.00,4.00,6.00,11.20,14.10,1806.60,2.70,79.00,0.67,35.30,25.90,0,328.00,7845636.00,0.61,156781.00,541.00,6.00,11465.00,1849.00,42370.00,67.00,171.00,24685.00,57784.00,11430.00,5955.00,458.00,1998.00,7.00,0.08,146.00,24.00,540.00,1.00,2.00,315.00,737.00,146.00,76.00,22.00,Yes,586008.00,2354.00,588362.00,0.05,3374.00,564.00,3938.00,31.00,1258139.00,8144.00,1266283.00,0.00,59196.00,29.00,59225.00,5.00,1906717.00,11091.00,1917808.00,479.00,297.00,20.00,153.00,176.00,30.00,1194.00,6.30,6.00,21.00,19.00,15.00,17.00,28.10,3549.00,15.00,10.50,1362.00,6.75,14.70,6614.00,151407.00,4.37,0.52,Yes,Yes,No,Yes,No,0.76,0.92,0.51,0.36,0.52,1285.00,3.90,58.00,50.00,15.00,49.00,Viability,Protected,N,Y,N,12,6,5,2,22,13,8,87.1,15741.00,89,13802,18,36,798,119,917,87,122.8,FullyLegal,TRUE,0,,142,89236,142,89236,1.28,15,1.3,  1 ,12453.00,0.5,0.72,10,22,  10 ,  22 ,  52 ,  18 ,  1 ,,  2 ,  26 ,D,D+,D,,D,,12.1,16.5,50.14,63,,34.2,4.5,,0.07,8969.00,19209.00,2,14,12.44,2.39,10,67.8,8.09,0.02,47,21,0.709,44,1.3,51.8,18.69,  1475 ,336193.4,14095,15.3,0,14.8,51.9,1.5,16.6,0.6433,1,784945000000.00,61946.00,18,20,703971.00,633573.00,3519853.00,57.5,40.6
14,Indiana,IN,35870,6785528.00,5121004.00,75,637500.00,9,12938.00,0.00,166651.00,2.00,2761.00,0.04,25139.00,0.37,265344.00,4.00,554191.00,8.00,0.46,189,17.00,7.25,1083.00,4693.00,56316.00,27.08,437567.00,192928.00,21.10,3.00,850.00,653.00,727.00,912.00,1177.00,1348.00,1130.00,124454.00,96.00,17166.00,126.00,34.00,2.00,0.16,946.00,152.00,62.00,71.00,281.00,318.03,10.76,5.55,101.00,4.11,727.00,912.00,1177.00,1348.00,318.03,151.64,7.25,27.08,51.00,3.23,YES,7,0.00,7.00,0.00,9.30,4257.00,3345.00,2875.00,699.48,267.18,518.00,44.80,357.70,394.00,26969.00,1443.00,243.00,320.00,8085.00,119.00,167.00,2.00,48.00,18.00,3.00,0.00,9.70,17.30,1173.90,3.30,77.00,2.40,33.90,27.90,1,190.00,5229123.00,0.77,123469.00,720.00,19.00,11661.00,1800.00,10585.00,487.00,141.00,16032.00,65136.00,12585.00,2905.00,1398.00,2361.00,14.00,0.36,223.00,34.00,202.00,9.00,3.00,307.00,1246.00,241.00,56.00,6.00,Yes,4126473.00,35182.00,4161655.00,0.61,34151.00,172.00,34323.00,506.00,6050069.00,62870.00,6112939.00,1.00,280321.00,1.00,280322.00,41.00,10491014.00,98225.00,10589239.00,348.00,236.00,19.00,151.00,93.00,20.00,897.00,6.50,3.00,8.00,10.00,9.00,9.00,36.70,2321.00,18.00,15.00,1024.00,4.43,43.60,9032.00,147759.00,6.11,1.33,No,No,No,Yes,No,1.66,1.94,0.24,0.24,0.44,39329.00,15.50,263.00,5528.00,20.00,36.00,20weeks,NotProtected,N,Y,N,37,28,28,13,9,10,43,92,10262.00,89,12612,21,8,4373,1041,5414,81,110.5,Mixed,NOTTRUE,1,6805985,34,200176,35,194457,0.49,12,1.7,  2 ,9061.00,1.0,0.60,13,25,  13 ,  25 ,  60 ,  18 ,,,  1 ,  21 ,C,C,C,,C,,10.1,15.9,47.96,45,,36.3,2.8,2.1,0.08,5428.00,14379.00,2,7.78,12.69,2.15,13,74.7,16.21,0.03,39,38,0.72,38,0.9,51.7,7.903,  1161 ,220323.4,7435,44.6,0.4,37,0,1.5,13,7,0.9,357278100000.00,52495.00,9,11,756221.00,618726.00,2079607.00,41,57
15,Iowa,IA,55875,3190369.00,2638201.00,83,129321.00,4,9079.00,0.00,75017.00,2.00,5605.00,0.18,8487.00,0.27,108673.00,3.00,215986.00,7.00,0.46,57,3.00,7.25,1057.00,4580.33,54964.00,26.43,441223.00,202268.00,20.30,1.00,785.00,615.00,670.00,849.00,1112.00,1230.00,1234.00,135111.00,111.00,18636.00,117.00,32.00,2.00,0.12,861.00,102.00,62.00,71.00,284.00,347.05,10.23,5.24,196.00,4.07,670.00,849.00,1112.00,1230.00,347.05,102.46,7.25,26.43,48.88,8.53,YES,6,0.94,6.94,1.00,11.20,4067.00,3218.00,2769.00,680.30,270.66,529.00,43.60,303.50,292.00,9260.00,2084.00,327.00,225.00,19830.00,621.00,40.00,1.00,495.00,8.00,3.00,0.00,3.60,11.20,357.30,2.80,79.00,0.35,45.30,29.30,0,205.00,2927835.00,0.92,74513.00,327.00,72.00,7659.00,2565.00,15845.00,189.00,87.00,7832.00,32882.00,5799.00,681.00,575.00,2545.00,11.00,2.46,262.00,88.00,541.00,6.00,3.00,268.00,1123.00,198.00,23.00,27.00,No,2121269.00,2479.00,2123748.00,0.67,6891.00,13979.00,20870.00,654.00,3836561.00,8898.00,3845459.00,1.00,209762.00,62.00,209824.00,66.00,6174483.00,25418.00,6199901.00,117.00,85.00,13.00,64.00,27.00,10.00,337.00,8.00,5.00,19.00,10.00,7.00,8.00,14.30,432.00,23.20,18.00,552.00,5.06,18.30,3718.00,38235.00,9.72,1.16,No,Yes,No,Yes,No,0.91,1.18,0.45,0.27,0.5,7778.00,6.00,95.00,604.00,14.00,4.00,20weeks,NotProtected,N,Y,N,46,11,11,40,23,30,26,92.5,11732.00,92,10379,17,31,1935,618,2553,76,85,Mixed,NOTTRUE,0,,71,44973,71,44973,0.64,6,0.5,  2 ,5107.00,0.7,0.50,16,9,  16 ,  9 ,  57 ,  18 ,  1 ,  1 ,  4 ,  20 ,C+,C,C+,,C,,11.7,17.7,49.16,,,36.4,2.6,3.4,0.08,2552.00,2663.00,1,9.9,10.97,2.39,10,70.4,22.68,0.13,21,27,0.724,11,5.1,47.8,36.578,  11455 ,654639.8,5885,15.1,1.4,10,0,0.9,72.7,3.9,1.2,180048000000.00,56387.00,4,6,798270.00,532180.00,1197405.00,44.9,53.1
16,Kansas,KS,81823,2937880.00,2122575.00,72,168352.00,6,21921.00,1.00,85225.00,3.00,3115.00,0.11,10064.00,0.34,149025.00,5.00,382603.00,13.00,0.29,36,1.00,7.25,1039.00,4502.33,54028.00,25.98,501009.00,213529.00,21.80,2.00,877.00,615.00,659.00,836.00,1082.00,1229.00,1349.00,141610.00,125.00,19532.00,115.00,32.00,3.00,0.14,890.00,124.00,51.00,71.00,278.00,261.35,10.13,4.60,39.00,4.07,659.00,836.00,1082.00,1229.00,261.35,124.33,7.25,25.98,46.41,5.70,YES,6.5,2.19,8.69,4.00,11.20,3998.00,3162.00,2776.00,682.16,274.08,604.00,48.90,425.00,341.00,9965.00,1661.00,362.00,265.00,5231.00,178.00,155.00,5.00,34.00,13.00,4.00,1.00,7.00,16.90,496.50,3.50,78.20,2.86,35.90,31.10,1,334.00,2614220.00,0.89,85034.00,433.00,6.00,6364.00,2457.00,22556.00,418.00,347.00,10446.00,34286.00,5681.00,645.00,1395.00,3253.00,17.00,0.23,243.00,94.00,863.00,16.00,13.00,400.00,1312.00,217.00,25.00,20.00,No,1153267.00,10484.00,1163751.00,0.40,3766.00,5407.00,9173.00,312.00,2398641.00,23855.00,2422496.00,1.00,191474.00,330.00,191804.00,65.00,3747148.00,40076.00,3787224.00,138.00,139.00,12.00,65.00,46.00,4.00,426.00,8.30,1.00,9.00,9.00,8.00,8.00,17.40,490.00,18.40,18.40,531.00,6.60,18.90,4146.00,32864.00,12.62,1.41,No,No,No,No,No,1.07,0.45,0.28,0.23,0.29,3269.00,5.50,85.00,434.00,19.00,49.00,20weeks,NotProtected,N,Y,N,27,46,49,42,23,22,20,92.2,11653.00,91,11222,19,27,1317,172,1489,88,101.8,Mixed,TRUE,0,,26,112869,26,112869,0.16,0,0.0,,4782.00,0.9,0.49,16,6,  16 ,  6 ,  65 ,  10 ,,,  2 ,  22 ,D+,C+,C,C,D+,,12.1,17.8,38.29,,,36,2.5,1.8,0.08,2350.00,4104.00,1,6.86,11.57,1.92,13,68.9,9.14,0.04,11,33,0.657,12,6.8,54.3,25.625,  8732 ,313176.0,4562,23.9,0,4.8,16.7,0.3,54.3,1.4,0.8,163255900000.00,55632.00,4,6,733646.00,489097.00,1100468.00,41.5,56.1
17,Kentucky,KY,39732,4505836.00,3664764.00,81,357764.00,8,8080.00,0.00,73843.00,2.00,3462.00,0.08,14706.00,0.33,175363.00,4.00,207854.00,5.00,0.38,113,2.00,7.25,1070.00,4636.67,55640.00,26.75,412836.00,184217.00,21.40,3.00,795.00,598.00,656.00,823.00,1079.00,1214.00,1158.00,129469.00,107.00,17858.00,114.00,31.00,2.00,0.12,1084.00,132.00,55.00,72.00,275.00,315.20,8.52,4.79,25.00,4.03,656.00,823.00,1079.00,1214.00,315.20,131.71,7.25,26.75,47.57,5.00,YES,6,0.00,6.00,0.00,9.60,4192.00,3369.00,2922.00,724.97,342.92,610.00,54.60,259.10,514.00,23082.00,1370.00,188.00,466.00,7617.00,169.00,81.00,2.00,94.00,13.00,3.00,1.00,9.50,20.10,905.70,4.10,75.50,8.51,45.30,35.50,1,426.00,4505498.00,1.00,114954.00,418.00,42.00,12659.00,1962.00,20219.00,1103.00,111.00,9652.00,51527.00,11100.00,2238.00,3923.00,2551.00,9.00,0.93,281.00,44.00,449.00,24.00,2.00,214.00,1144.00,246.00,50.00,53.00,Yes,885177.00,3906.00,889083.00,0.20,4196.00,2405.00,6601.00,146.00,1607427.00,9789.00,1617216.00,0.00,90602.00,41.00,90643.00,20.00,2587402.00,16141.00,2603543.00,322.00,218.00,17.00,92.00,91.00,5.00,780.00,7.45,2.00,8.00,15.00,11.00,13.00,49.20,2083.00,17.70,17.70,801.00,6.43,22.90,6563.00,77501.00,8.47,1.46,No,No,No,No,No,1.05,1.92,0.35,0.34,0.56,6747.00,12.10,185.00,3376.00,25.00,35.00,20weeks,Banned,N,Y,N,45,29,45,31,36,22,45,87.8,11110.00,86,6411,11,32,1553,269,1822,85,94.5,Mixed,NOTTRUE,1,4509394,50,90188,51,88419,0.64,8,1.0,  2 ,7745.00,0.8,0.52,17,19,  17 ,  19 ,  57 ,  26 ,,  2 ,  2 ,  13 ,D,D+,D+,D+,F,,12.3,19.1,38.15,,,40.3,3.8,3.1,0.09,4055.00,765.00,0.17,11.54,16.65,1.95,14,69.8,10.98,0.03,33,11,0.703,13,3.1,55.6,0,,0.0,4552,66.6,8.2,24.3,0,0.4,0,3.3,2.3,196945700000.00,43675.00,6,8,751566.00,563674.00,1503131.00,36.2,62.1
18,Louisiana,LA,43566,4657757.00,2596702.00,56,1452420.00,31,25994.00,1.00,85336.00,2.00,1706.00,0.04,16954.00,0.36,156096.00,3.00,322549.00,7.00,0.27,107,3.00,7.25,1067.00,4623.67,55484.00,26.68,471506.00,199454.00,27.00,1.00,866.00,674.00,732.00,892.00,1156.00,1332.00,1267.00,154713.00,110.00,21340.00,123.00,33.00,3.00,0.12,1192.00,141.00,62.00,70.00,275.00,325.19,10.15,4.51,20.00,4.15,732.00,892.00,1156.00,1332.00,325.19,141.25,7.25,26.68,51.84,6.00,YES,4.45,5.07,9.52,7.00,9.10,4203.00,3311.00,2844.00,685.42,280.24,631.00,53.10,639.40,684.00,31584.00,1411.00,28.00,381.00,17768.00,384.00,147.00,3.00,122.00,18.00,4.00,1.00,19.90,26.30,1225.00,4.50,75.70,0.69,35.90,35.20,1,136.00,3321430.00,0.71,112262.00,255.00,13.00,15497.00,1922.00,21654.00,740.00,218.00,6063.00,54699.00,7497.00,1348.00,2356.00,3380.00,8.00,0.39,467.00,58.00,652.00,22.00,7.00,183.00,1647.00,226.00,41.00,87.00,Yes,1613475.00,31022.00,1644497.00,0.35,1315.00,9673.00,10988.00,236.00,2652943.00,54101.00,2707044.00,1.00,97075.00,81.00,97156.00,21.00,4364808.00,94877.00,4459685.00,263.00,267.00,10.00,78.00,144.00,34.00,828.00,5.60,7.00,24.00,10.00,8.00,9.00,42.70,1896.00,13.70,13.70,642.00,7.59,58.10,2709.00,27346.00,9.91,0.59,No,No,No,No,No,0.68,1.27,0.43,0.32,0.51,3201.00,3.80,58.00,414.00,28.00,49.00,20weeks,Banned,N,Y,Y,25,40,35,46,47,44,15,84,11452.00,85,7724,13,28,1387,326,1713,81,101.4,Mixed,TRUE,0,,40,115601,40,115601,0.46,2,0.2,,5841.00,0.5,1.28,13,13,  13 ,  13 ,  37 ,  21 ,  2 ,  1 ,  7 ,  31 ,C,C,D+,C,,B,13.8,18.9,59.65,7721,5,38.6,3.5,1.4,0.16,7452.00,3040.00,1,17.2,18.88,2.55,15,70.1,8.73,0.06,19,34,0.74,11,4.0,66.4,0,,0.0,6902,1.7,1.2,77.5,13.7,0.6,0,9,4.7,230532600000.00,49855.00,6,8,770675.00,578006.00,1541349.00,39.9,58.5
19,Maine,ME,30865,1362359.00,1228264.00,90,25115.00,2,7293.00,1.00,16668.00,1.00,407.00,0.03,4430.00,0.33,53573.00,4.00,26609.00,2.00,0.25,44,1.00,13.80,1086.00,4706.00,56472.00,27.15,434306.00,194663.00,18.30,1.00,903.00,765.00,821.00,1045.00,1339.00,1523.00,1381.00,140904.00,103.00,10210.00,76.00,38.00,2.00,0.29,584.00,172.00,62.00,114.00,260.00,372.21,10.24,5.03,60.00,4.47,821.00,1045.00,1339.00,1523.00,372.21,171.75,13.80,27.15,58.01,7.15,YES,5.5,0.00,5.50,0.00,12.40,4122.00,3077.00,2533.00,566.78,247.41,504.00,46.80,108.60,145.00,1967.00,1331.00,,143.00,16898.00,1231.00,112.00,8.00,150.00,2.00,1.00,0.00,1.60,10.40,141.70,3.70,78.30,2.40,39.30,33.60,0,129.00,1366119.00,1.00,26094.00,165.00,2.00,1713.00,460.00,6209.00,37.00,36.00,3102.00,13207.00,891.00,161.00,111.00,1910.00,12.00,0.15,125.00,34.00,454.00,3.00,3.00,227.00,967.00,65.00,12.00,71.00,No,1288404.00,27287.00,1315691.00,0.97,21872.00,8211.00,30083.00,2208.00,2360240.00,53700.00,2413940.00,2.00,100957.00,533.00,101490.00,74.00,3771473.00,89731.00,3861204.00,55.00,61.00,3.00,29.00,9.00,2.00,164.00,4.75,9.00,16.00,13.00,10.00,11.00,39.70,496.00,8.40,16.40,234.00,3.94,18.90,1232.00,16288.00,7.56,0.90,Yes,No,No,Yes,No,1.3,0.79,0.45,0.23,0.44,8706.00,9.30,143.00,1229.00,9.00,38.00,Viability,Protected,N,Y,N,49,7,13,9,23,13,27,92.6,14145.00,93,9449,16,42,1855,517,2372,78,71.8,FullyLegal,TRUE,1,1372247,83,16533,84,16336,1.36,1,0.2,  1 ,1574.00,0.8,2.86,12,5,  12 ,  5 ,  52 ,  15 ,  1 ,  2 ,  8 ,  23 ,D,D,B,,C,C,9.9,14.7,50.12,3478,2,31.9,3.1,1,0.33,4496.00,852.00,0.63,11.66,11.26,2.85,6,62.3,8.68,0.03,3,47,0.717,13,2.4,41,2.55,  1858 ,82617.9,835,0.7,24.6,18.4,0,7.8,29.3,3.8,1.5,62880900000.00,45823.00,2,4,686124.00,343062.00,686124.00,53.1,44
20,Maryland,MD,9775,6177224.00,2913782.00,47,1795027.00,29,12055.00,0.00,417962.00,7.00,2575.00,0.04,35314.00,0.57,270764.00,4.00,729745.00,12.00,0.68,632,1.00,13.25,1378.00,5971.33,71656.00,34.45,588035.00,265100.00,15.20,10.00,1425.00,1072.00,1147.00,1383.00,1810.00,2112.00,1987.00,253598.00,110.00,19139.00,104.00,40.00,4.00,0.16,973.00,153.00,62.00,99.00,298.00,343.67,9.89,5.00,135.00,5.03,1147.00,1383.00,1810.00,2112.00,343.67,153.34,13.25,34.45,55.06,5.75,YES,6,0.00,6.00,0.00,11.30,5297.00,3914.00,3417.00,679.24,345.46,684.00,30.20,399.90,304.00,18476.00,746.00,123.00,141.00,3363.00,55.00,57.00,1.00,59.00,24.00,4.00,1.00,11.40,13.50,833.90,3.10,78.50,0.79,34.40,28.80,0,18.00,2902491.00,0.47,64600.00,192.00,3.00,3691.00,1092.00,13445.00,272.00,157.00,10740.00,28682.00,4026.00,1701.00,599.00,2226.00,7.00,0.10,127.00,38.00,463.00,9.00,5.00,370.00,988.00,139.00,59.00,8.00,Yes,352449.00,3630.00,356079.00,0.06,1486.00,3137.00,4623.00,75.00,713658.00,8406.00,722064.00,0.00,38319.00,21.00,38340.00,6.00,1105912.00,15194.00,1121106.00,219.00,102.00,5.00,85.00,130.00,14.00,567.00,5.58,3.00,20.00,9.00,6.00,8.00,44.60,2771.00,9.20,9.20,585.00,5.73,19.70,1868.00,32179.00,5.81,0.30,Yes,No,No,No,No,1.59,1.44,0.47,0.34,0.53,,,,,14.00,31.00,Viability,NotProtected,N,Y,N,10,16,3,15,27,17,18,88.8,14762.00,90,15335,20,22,1425,563,1988,72,144.3,Mixed,TRUE,0,,46,134025,46,134025,2.35,9,4.6,  1 ,5336.00,0.4,1.04,9,55,  9 ,  55 ,  21 ,  34 ,  1 ,  1 ,  9 ,  32 ,B+,A,,,,A,7.8,11.6,63.78,3190,2,34.3,4.3,1.7,0.09,5560.00,15011.00,2,10.18,8.89,2.08,10,69.6,10.11,0.00,29,14,0.688,20,0.5,54.2,0.517,  84 ,52890.0,2395,2.8,5.5,43.3,41.6,6.3,2.5,2.6,4.7,367539700000.00,59616.00,8,10,770641.00,616513.00,1926603.00,65.4,32.2
21,Massachusetts,MA,7838,7029917.00,4748897.00,68,457055.00,7,9387.00,0.00,504900.00,7.00,1607.00,0.02,92108.00,1.31,328278.00,5.00,887685.00,13.00,0.71,897,10.00,15.00,1637.00,7093.67,85124.00,40.93,841256.00,314389.00,19.80,20.00,1449.00,1378.00,1524.00,1893.00,2333.00,2624.00,2165.00,261345.00,93.00,17423.00,126.00,46.00,3.00,0.32,596.00,193.00,62.00,117.00,376.00,406.21,12.34,5.04,35.00,4.87,1524.00,1893.00,2333.00,2624.00,406.21,193.04,15.00,40.93,59.86,5.00,YES,6.25,0.00,6.25,0.00,11.50,6278.00,4385.00,3786.00,777.34,306.78,751.00,14.70,308.80,108.00,7503.00,466.00,260.00,63.00,29511.00,423.00,163.00,2.00,182.00,8.00,1.00,1.00,2.70,3.70,260.10,1.80,80.40,6.37,33.90,31.70,0,376.00,6937375.00,0.99,134009.00,311.00,15.00,9582.00,2322.00,29644.00,346.00,608.00,24521.00,55528.00,6819.00,2618.00,1695.00,1932.00,4.00,0.22,138.00,33.00,427.00,5.00,9.00,353.00,800.00,98.00,38.00,21.00,Yes,1795964.00,27589.00,1823553.00,0.26,16520.00,6887.00,23407.00,333.00,2210307.00,42427.00,2252734.00,0.00,112550.00,0.00,112550.00,16.00,4135341.00,76903.00,4212244.00,139.00,73.00,2.00,52.00,52.00,10.00,343.00,5.17,8.00,31.00,7.00,5.00,6.00,33.90,2302.00,16.40,8.40,618.00,6.33,8.40,5347.00,72962.00,7.33,0.77,Yes,Yes,Yes,Yes,No,2.08,1.9,0.38,0.18,0.51,18285.00,13.20,259.00,586.00,7.00,32.00,24weeks,Protected,Y,Y,N,19,10,7,4,1,1,5,90.1,17058.00,91,20913,22,23,608,118,726,84,138.1,FullyLegal,TRUE,0,,154,45355,154,45355,9.82,8,5.1,  1 ,4200.00,1.3,3.68,6,54,  6 ,  54 ,  51 ,  18 ,,  2 ,  5 ,  24 ,A,A,,,A,A,14.5,22.4,57.3,1519,6,27.4,3.6,2.4,0.22,15466.00,28426.00,4,11.05,9.84,2.55,7,62.3,13.79,0.07,7,5,0.711,32,0.2,47.9,0.217,  31 ,27685.6,1683,0,5.3,75.8,0,18.3,1.3,20.5,5.7,543334500000.00,77789.00,9,11,776080.00,634975.00,2134221.00,65.6,32.1
22,Michigan,MI,56539,10077331.00,7295651.00,72,1358458.00,13,47406.00,0.00,332288.00,3.00,2603.00,0.03,37183.00,0.37,439320.00,4.00,564422.00,6.00,0.19,178,20.00,10.10,1183.00,5126.33,61516.00,29.58,476358.00,208693.00,21.60,7.00,908.00,659.00,736.00,923.00,1193.00,1333.00,1279.00,135845.00,107.00,13450.00,91.00,31.00,2.00,0.18,670.00,121.00,80.00,92.00,302.00,327.12,12.33,5.21,0.00,4.27,736.00,923.00,1193.00,1333.00,327.12,121.00,10.10,29.58,46.20,4.25,YES,6,0.00,6.00,0.00,8.60,4685.00,3762.00,3314.00,776.19,268.80,636.00,40.20,478.00,381.00,38053.00,1479.00,,230.00,1482.00,15.00,34.00,0.00,44.00,28.00,3.00,1.00,8.70,14.60,1471.30,3.10,78.00,4.59,36.10,25.80,0,618.00,9785364.00,0.97,232118.00,1472.00,17.00,19990.00,2457.00,47250.00,1608.00,604.00,34204.00,94082.00,21283.00,4014.00,5137.00,2372.00,15.00,0.17,204.00,25.00,483.00,16.00,6.00,350.00,961.00,217.00,41.00,24.00,Yes,1999889.00,3484.00,2003373.00,0.20,13510.00,242.00,13752.00,136.00,2870674.00,10764.00,2881438.00,0.00,137409.00,714.00,138123.00,14.00,5021482.00,15204.00,5036686.00,342.00,320.00,7.00,170.00,171.00,38.00,1084.00,3.89,3.00,25.00,4.00,4.00,4.00,28.60,2759.00,14.00,14.00,1444.00,6.80,19.40,5564.00,161011.00,3.46,0.55,No,No,No,No,Yes,1.44,2.3,0.44,0.46,0.67,26594.00,14.20,239.00,834.00,15.00,72.00,Viability,NotProtected,N,Y,N,34,21,37,17,27,22,23,91.7,12345.00,91,10861,16,21,3574,603,4177,86,104.6,FullyLegal,TRUE,1,10050811,104,96642,105,95722,0.93,7,0.6,  1 ,9521.00,0.6,0.85,9,17,  9 ,  17 ,  50 ,  22 ,  1 ,,  5 ,  20 ,B,B,B,,B,,12.3,19.8,47.27,3224,,34.4,4.1,2.1,0.08,8062.00,13146.00,1,11.56,13.99,2.36,13,72.2,13.74,0.01,34,35,0.721,65,0.9,44.4,7.809,  777 ,138117.1,9165,17.5,1.1,41.6,25.3,1,10.4,12.2,2.6,481766100000.00,47933.00,14,16,717915.00,628176.00,2871660.00,50.6,47.8
23,Minnesota,MN,79617,5706494.00,4353880.00,76,392850.00,7,57046.00,1.00,297460.00,5.00,2621.00,0.05,20963.00,0.37,236034.00,4.00,345640.00,6.00,0.73,72,7.00,10.59,1289.00,5585.67,67028.00,32.23,574780.00,243659.00,16.90,2.00,1070.00,675.00,765.00,963.00,1293.00,1479.00,1547.00,180766.00,120.00,17069.00,91.00,30.00,3.00,0.14,776.00,107.00,46.00,93.00,311.00,395.39,10.16,4.72,25.00,4.43,765.00,963.00,1293.00,1479.00,395.39,106.78,10.59,32.23,45.37,9.85,YES,6.88,0.59,7.46,2.00,12.10,4910.00,3947.00,3445.00,777.57,339.04,729.00,42.80,277.50,174.00,9982.00,1023.00,186.00,105.00,2016.00,35.00,140.00,2.00,14.00,13.00,2.00,0.00,3.60,8.90,507.90,1.50,80.40,2.65,33.90,25.10,0,411.00,5699338.00,1.00,189416.00,724.00,5.00,14430.00,4017.00,35062.00,197.00,205.00,22930.00,88623.00,14562.00,3996.00,4665.00,3323.00,13.00,0.09,253.00,70.00,615.00,3.00,4.00,402.00,1555.00,256.00,70.00,52.00,Yes,2671737.00,19967.00,2691704.00,0.47,3542.00,5400.00,8942.00,157.00,5466954.00,48158.00,5515112.00,1.00,236346.00,1135.00,237481.00,42.00,8378579.00,74660.00,8453239.00,130.00,115.00,8.00,66.00,45.00,10.00,394.00,5.50,4.00,8.00,6.00,4.00,5.00,19.00,1050.00,13.10,13.10,758.00,4.13,11.80,5955.00,38675.00,15.40,1.04,No,Yes,Yes,Yes,No,1.41,1.13,0.38,0.14,0.42,10134.00,9.50,148.00,938.00,10.00,43.00,Viability,Protected,N,Y,N,36,9,12,29,3,17,24,94,12975.00,93,16087,22,16,2611,433,3044,86,96.6,Mixed,TRUE,1,5707390,67,85185,68,83932,0.43,11,0.7,  2 ,5953.00,1.0,1.34,10,7,  10 ,  7 ,  77 ,  4 ,  1 ,,  2 ,  14 ,B,B,B,,,,12,15.9,65.87,189,,32.4,1.9,,0.14,7989.00,9113.00,2,7.2,9.17,2.79,10,73.4,10.72,0.01,24,10,0.704,25,3.2,41.2,12.941,  2267 ,162540.7,4384,17,1.1,15.6,27.1,3.2,33.6,2.9,0.6,351253000000.00,61544.00,8,10,713424.00,570739.00,1783559.00,52.4,45.3
24,Mississippi,MS,46914,2961279.00,1639077.00,55,1079001.00,36,14019.00,0.00,32305.00,1.00,1037.00,0.04,7174.00,0.24,83446.00,3.00,105220.00,4.00,0.02,63,2.00,7.25,887.00,3843.67,46124.00,22.18,361462.00,168705.00,26.80,2.00,779.00,640.00,672.00,816.00,1052.00,1178.00,1134.00,123062.00,108.00,16974.00,113.00,37.00,3.00,0.14,1171.00,164.00,62.00,74.00,241.00,423.33,9.32,4.55,18.50,3.91,672.00,816.00,1052.00,1178.00,423.33,164.06,7.25,22.18,65.53,5.00,YES,7,0.07,7.07,1.00,9.80,3467.00,2651.00,2064.00,527.77,221.42,453.00,55.80,291.20,639.00,18915.00,1107.00,211.00,398.00,2308.00,78.00,216.00,7.00,11.00,11.00,4.00,0.00,20.50,28.60,846.90,5.00,74.40,0.15,39.70,31.70,1,137.00,1673199.00,0.57,47697.00,185.00,5.00,6125.00,927.00,8779.00,750.00,53.00,4528.00,21874.00,3059.00,465.00,947.00,2851.00,11.00,0.30,366.00,55.00,525.00,45.00,3.00,271.00,1307.00,183.00,28.00,82.00,No,1827137.00,14553.00,1841690.00,0.62,13429.00,5763.00,19192.00,648.00,3554112.00,31783.00,3585895.00,1.00,243972.00,0.00,243972.00,82.00,5638650.00,52099.00,5690749.00,299.00,231.00,8.00,62.00,106.00,9.00,752.00,5.29,3.00,16.00,8.00,7.00,7.00,21.10,586.00,18.20,13.90,410.00,5.89,20.80,2355.00,38810.00,6.07,0.80,No,No,No,No,Yes,0.94,1.62,0.52,0.32,0.6,2594.00,4.40,69.00,127.00,29.00,25.00,20weeks,Banned,N,Y,N,26,50,45,49,43,45,4,84,8935.00,85,5436,11,14,2474,508,2982,83,94.4,Mixed,TRUE,0,,25,117999,25,117999,0.27,0,0.0,,6765.00,0.3,0.18,23,14,  23 ,  14 ,  58 ,  16 ,  1 ,,  3 ,  20 ,F,D,D,D,,F,13.1,17.7,39.52,359,2,39.1,3.6,2.7,0.04,1185.00,1429.00,0,14.96,19.78,2.17,17,71.2,17.13,0.00,26,7,0.736,8,5.9,63.4,0,,0.0,5156,2.5,0,76.1,18.7,0.7,0,4.3,1.3,105043800000.00,35608.00,4,6,737491.00,491661.00,1106237.00,41,57.5
25,Missouri,MO,68898,6154913.00,4663907.00,76,692774.00,11,23496.00,0.00,132158.00,2.00,9293.00,0.15,22377.00,0.36,307840.00,5.00,303068.00,5.00,0.27,89,2.00,12.00,1106.00,4792.67,57512.00,27.65,470279.00,202054.00,20.20,6.00,841.00,603.00,644.00,818.00,1078.00,1246.00,1254.00,143545.00,116.00,11962.00,68.00,30.00,2.00,0.12,1039.00,121.00,62.00,112.00,295.00,312.63,10.31,4.50,29.00,3.99,644.00,818.00,1078.00,1246.00,312.63,121.04,12.00,27.65,44.97,5.40,YES,4.23,4.03,8.25,5.76,9.30,4347.00,3529.00,3095.00,775.76,300.22,688.00,48.80,542.70,421.00,26038.00,1297.00,214.00,336.00,11753.00,191.00,91.00,1.00,129.00,20.00,3.00,2.00,14.00,23.90,1471.00,4.20,76.90,1.72,41.70,35.20,1,477.00,5885677.00,0.96,205063.00,1106.00,10.00,17370.00,4166.00,40555.00,545.00,116.00,13960.00,97843.00,22462.00,3596.00,3334.00,3484.00,19.00,0.17,295.00,71.00,689.00,9.00,2.00,237.00,1662.00,382.00,61.00,57.00,Yes,786202.00,2223.00,788425.00,0.13,1877.00,5509.00,7386.00,120.00,1226266.00,6325.00,1232591.00,0.00,30573.00,0.00,30573.00,5.00,2044918.00,14057.00,2058975.00,395.00,283.00,17.00,123.00,128.00,8.00,987.00,5.16,1.00,10.00,21.00,13.00,17.00,32.10,1875.00,13.90,18.20,1125.00,8.12,34.60,6783.00,67293.00,10.08,1.10,No,No,No,No,No,1.2,0.81,0.37,0.33,0.42,3903.00,3.30,53.00,381.00,20.00,47.00,Viability,Banned,N,Y,N,39,23,37,38,26,22,28,92.5,10810.00,90,10041,16,46,1068,165,1233,87,101.3,Mixed,TRUE,1,6168187,93,66325,94,65619,0.68,23,1.7,  4 ,9001.00,0.8,0.68,15,13,  15 ,  13 ,  42 ,  17 ,  4 ,  2 ,  5 ,  30 ,F,C,D,F,F,,8.4,13.2,45.79,,,37.3,2.5,3.3,0.1,6155.00,5503.00,1,11.16,13.1,2.51,16,71.6,11.09,0.05,30,25,0.692,33,2.1,54.6,6.607,  1071 ,95895.4,4500,60.6,2.9,1.2,18.5,1.2,16,5.2,4.9,299171500000.00,48502.00,8,10,771023.00,616819.00,1927558.00,41.4,56.8
26,Montana,MT,145556,1084225.00,901318.00,83,5077.00,0,64592.00,6.00,8077.00,1.00,839.00,0.08,4374.00,0.40,54749.00,5.00,45199.00,4.00,0.92,7,6.00,9.95,1028.00,4454.67,53456.00,25.70,465702.00,196629.00,19.50,4.00,854.00,643.00,709.00,892.00,1196.00,1402.00,1386.00,189021.00,116.00,18997.00,90.00,35.00,4.00,0.12,872.00,106.00,55.00,86.00,259.00,323.91,9.72,4.78,217.00,4.27,709.00,892.00,1196.00,1402.00,323.91,105.95,9.95,25.70,51.13,6.90,YES,0,0.00,0.00,0.00,10.50,3987.00,3095.00,2665.00,624.14,274.18,558.00,66.30,469.80,432.00,4723.00,2272.00,293.00,371.00,17376.00,1574.00,107.00,10.00,159.00,3.00,3.00,0.00,6.60,20.90,226.60,5.30,78.40,1.43,37.20,34.60,1,106.00,1098323.00,1.01,35096.00,205.00,2.00,2530.00,773.00,8147.00,55.00,5.00,2210.00,17442.00,2967.00,289.00,471.00,3195.00,19.00,0.18,230.00,70.00,742.00,5.00,0.00,201.00,1588.00,270.00,26.00,57.00,No,1975005.00,16371.00,1991376.00,1.84,27073.00,6677.00,33750.00,3113.00,3402232.00,32958.00,3435190.00,3.00,126706.00,0.00,126706.00,117.00,5531016.00,56006.00,5587022.00,76.00,77.00,6.00,29.00,17.00,0.00,213.00,4.67,3.00,16.00,16.00,11.00,14.00,15.60,162.00,26.10,26.10,300.00,5.00,21.00,2158.00,15399.00,14.01,1.95,Yes,No,No,No,Yes,0.75,0.71,0.07,0.33,0.2,1561.00,8.20,132.00,146.00,16.00,57.00,Viability,Protected,N,Y,N,43,49,45,39,20,13,46,91.2,11680.00,94,9518,17,38,834,98,932,89,63.4,FullyLegal,TRUE,2,552136,53,20835,55,20078,0.19,0,0.0,,1778.00,1.2,0.91,16,1,  16 ,  1 ,  51 ,  23 ,  1 ,,  4 ,  20 ,D,F,F,C,,,17.6,23.6,47.25,,,31.8,2.8,2.3,0.15,1626.00,322.00,0.3,9.99,12.31,3.1,9,68.3,10.55,0.02,14,49,0.604,16,9.1,42.7,2.822,  2556 ,19387.7,2407,42.2,27.6,3.9,0,0.2,23.8,10.6,3.7,49767200000.00,45068.00,1,3,1104271.00,368090.00,828203.00,40.5,56.9
27,Nebraska,NE,76878,1961504.00,1484687.00,76,94405.00,5,15051.00,1.00,52359.00,3.00,1318.00,0.07,6335.00,0.32,72634.00,4.00,234715.00,12.00,0.72,26,4.00,10.50,1060.00,4593.33,55120.00,26.50,477312.00,207417.00,21.10,3.00,870.00,588.00,670.00,855.00,1100.00,1214.00,1352.00,144299.00,123.00,13743.00,81.00,32.00,3.00,0.11,1005.00,106.00,45.00,88.00,281.00,336.90,9.44,4.65,36.00,4.07,670.00,855.00,1100.00,1214.00,336.90,106.23,10.50,26.50,48.47,6.84,YES,5.5,1.44,6.94,2.50,11.50,4065.00,3210.00,2767.00,679.85,293.11,595.00,45.20,334.10,285.00,5596.00,1733.00,395.00,195.00,23005.00,1172.00,18.00,1.00,1277.00,6.00,3.00,0.00,4.10,10.10,198.10,3.50,79.20,2.41,33.70,28.00,1,267.00,1471365.00,0.75,36284.00,182.00,6.00,2342.00,977.00,9922.00,135.00,130.00,4784.00,15465.00,1750.00,240.00,351.00,2466.00,12.00,0.41,159.00,66.00,674.00,9.00,9.00,325.00,1051.00,119.00,16.00,43.00,No,458637.00,444.00,459081.00,0.23,4981.00,214.00,5195.00,265.00,1129447.00,3655.00,1133102.00,1.00,355160.00,15.00,355175.00,181.00,1948225.00,4328.00,1952553.00,84.00,79.00,8.00,34.00,18.00,1.00,233.00,6.50,4.00,34.00,15.00,9.00,12.00,11.30,214.00,16.40,14.90,283.00,4.41,18.20,2109.00,25307.00,8.33,1.07,No,No,No,No,No,0.78,0.7,0.47,0.13,0.41,1958.00,5.30,76.00,207.00,15.00,64.00,20weeks,NotProtected,N,Y,Y,33,36,37,23,16,17,32,92.7,12491.00,91,12571,21,3,2731,522,3253,84,98.8,Mixed,NOTTRUE,0,,74,26536,74,26536,0.48,1,0.1,  1 ,2860.00,0.7,0.82,15,4,  15 ,  4 ,  35 ,  25 ,  4 ,  2 ,  5 ,  28 ,D+,D,C,,C,,6.8,10.3,59.06,,,35.9,2.1,2.4,0.12,2354.00,3295.00,2,8.23,10.54,2.16,11,67.4,11.74,0.01,8,26,0.658,15,5.1,48.8,9.72,  4950 ,126434.1,3151,38.7,2.6,0,16.9,0.3,40.1,0.519,1.1,123415700000.00,62849.00,3,5,654564.00,392738.00,818205.00,39.2,58.2
28,Nevada,NV,109806,3104614.00,1425952.00,46,291960.00,9,23392.00,1.00,265991.00,9.00,22970.00,0.74,17171.00,0.55,166921.00,5.00,890257.00,29.00,1.40,28,3.00,10.50,1163.00,5039.67,60476.00,29.08,540025.00,205028.00,13.50,11.00,1229.00,807.00,932.00,1191.00,1653.00,1945.00,1469.00,239477.00,89.00,22807.00,113.00,41.00,4.00,0.17,959.00,165.00,62.00,88.00,281.00,293.43,8.15,4.68,49.00,4.43,932.00,1191.00,1653.00,1945.00,293.43,164.56,10.50,29.08,55.16,0.00,NO,6.85,1.38,8.23,1.53,9.60,4556.00,3365.00,2907.00,656.18,356.67,621.00,47.30,460.30,396.00,12840.00,1543.00,319.00,379.00,8947.00,285.00,175.00,6.00,50.00,7.00,2.00,1.00,7.30,17.00,527.80,3.00,78.00,0.17,43.80,32.80,1,56.00,3130107.00,1.01,115149.00,407.00,18.00,12406.00,1585.00,21572.00,1172.00,267.00,13578.00,45412.00,13703.00,2312.00,2717.00,3679.00,13.00,0.58,396.00,51.00,689.00,37.00,9.00,434.00,1451.00,438.00,74.00,24.00,Yes,610897.00,14010.00,624907.00,0.20,13533.00,3756.00,17289.00,557.00,1213461.00,29327.00,1242788.00,0.00,50277.00,96.00,50373.00,16.00,1888168.00,47189.00,1935357.00,88.00,68.00,7.00,58.00,79.00,11.00,317.00,5.67,0.00,8.00,12.00,10.00,11.00,26.00,832.00,13.20,18.20,603.00,6.77,8.40,3186.00,29429.00,10.83,1.01,No,No,Yes,Yes,No,0.94,1.12,0.37,0.28,0.45,7360.00,12.50,206.00,393.00,19.00,67.00,24weeks,Protected,N,Y,N,2,17,16,48,43,41,44,83.9,9417.00,87,11408,18,26,516,42,558,92,116.6,FullyLegal,TRUE,1,3143991,23,136695,24,131000,0.11,1,0.0,,1392.00,2.3,5.58,4,1,  4 ,  1 ,  30 ,  26 ,  1 ,  2 ,  5 ,  36 ,F,F,F,D+,C,,15.4,25,53.67,,,31.3,4.4,2.8,0.25,7762.00,970.00,0.31,13.89,11.88,3.42,14,58.3,22.86,0.09,48,19,0.383,1,109.8,49.9,0.34,  108 ,3096.4,2974,3.7,2.8,61.7,0,22.5,0.9,1.5,1.3,159708000000.00,50798.00,4,6,785998.00,523999.00,1178997.00,50.1,47.7
29,NewHampshire,NH,8969,1377529.00,1200649.00,87,18655.00,1,2299.00,0.00,35604.00,3.00,388.00,0.03,5916.00,0.43,54564.00,4.00,59454.00,4.00,0.45,154,11.00,7.25,1349.00,5845.67,70148.00,33.73,568731.00,254995.00,21.40,0.00,1179.00,948.00,1061.00,1365.00,1775.00,2011.00,1917.00,184468.00,108.00,25444.00,188.00,40.00,3.00,0.30,631.00,191.00,49.00,60.00,327.00,183.00,11.31,4.64,23.80,4.83,1061.00,1365.00,1775.00,2011.00,183.00,191.19,7.25,33.73,49.10,0.00,NO,0,0.00,0.00,0.00,9.60,5284.00,3919.00,3545.00,734.02,313.47,765.00,41.10,146.40,195.00,2691.00,742.00,241.00,269.00,1238.00,89.00,41.00,3.00,30.00,3.00,2.00,0.00,0.00,8.90,122.60,2.00,79.40,1.00,34.70,35.40,0,208.00,1355329.00,0.98,27923.00,108.00,3.00,957.00,629.00,7353.00,118.00,143.00,5334.00,11534.00,892.00,181.00,671.00,2060.00,8.00,0.22,71.00,46.00,543.00,9.00,11.00,394.00,851.00,66.00,13.00,87.00,No,1020129.00,7374.00,1027503.00,0.75,1578.00,2688.00,4266.00,310.00,1435681.00,13608.00,1449289.00,1.00,69356.00,0.00,69356.00,50.00,2526744.00,23670.00,2550414.00,39.00,20.00,1.00,25.00,16.00,2.00,104.00,6.00,4.00,10.00,16.00,12.00,14.00,30.30,393.00,7.10,16.40,234.00,4.00,,841.00,12796.00,6.57,0.61,Yes,Yes,No,Yes,No,1.67,0.87,0.35,0.04,0.34,,,,,7.00,43.00,40,Protected,N,Y,Y,47,30,21,8,5,4,7,94.2,16893.00,93,12791,16,25,1099,180,1279,86,127.7,Mixed,TRUE,0,,68,20426,68,20426,3.79,3,1.7,  2 ,1025.00,0.8,1.61,7,11,  7 ,  11 ,  31 ,  34 ,  1 ,  2 ,  14 ,  18 ,C,C+,,,,D,11,17.8,53.36,131,,30.6,2,1.7,0.12,1653.00,1947.00,1,5.44,7.16,4.67,4,76.1,18.12,0.14,1,41,0.704,20,0.4,43.8,0.504,  363 ,56193.6,1299,5.9,6.8,11.5,64.5,0,2.3,2.3,1.6,83721800000.00,60275.00,2,4,694496.00,347248.00,694496.00,52.7,45.4
30,NewJersey,NJ,7419,9288994.00,4816381.00,52,1154142.00,12,11206.00,0.00,942921.00,10.00,1944.00,0.02,70354.00,0.76,289471.00,3.00,2002575.00,22.00,0.55,1252,0.00,14.13,1440.00,6240.00,74880.00,36.00,760462.00,308976.00,19.80,7.00,1394.00,1194.00,1356.00,1661.00,2092.00,2388.00,2439.00,241772.00,117.00,17111.00,118.00,46.00,3.00,0.17,687.00,118.00,82.00,100.00,301.00,343.77,8.74,4.98,0.00,5.19,1356.00,1661.00,2092.00,2388.00,343.77,117.96,14.13,36.00,58.26,10.75,YES,6.63,0.03,6.60,3.31,13.20,5416.00,3755.00,3294.00,634.60,376.84,662.00,14.70,195.40,210.00,18613.00,1229.00,393.00,216.00,6465.00,70.00,23.00,0.00,282.00,11.00,1.00,2.00,4.30,5.00,464.40,1.40,80.10,5.50,35.80,27.40,0,177.00,3844336.00,0.41,51188.00,93.00,1.00,3114.00,1245.00,6052.00,125.00,201.00,10330.00,23380.00,5079.00,1243.00,325.00,1332.00,2.00,0.03,81.00,32.00,157.00,3.00,5.00,269.00,608.00,132.00,32.00,50.00,Yes,458256.00,2569.00,460825.00,0.05,596.00,2484.00,3080.00,33.00,809332.00,5610.00,814942.00,0.00,78616.00,72.00,78688.00,8.00,1346800.00,10735.00,1357535.00,201.00,95.00,6.00,78.00,173.00,18.00,584.00,4.83,10.00,31.00,8.00,5.00,6.00,32.10,2840.00,24.20,7.10,679.00,5.30,38.10,2642.00,78725.00,3.36,0.29,Yes,Yes,No,Yes,No,0.84,1.53,0.48,0.34,0.57,21484.00,12.50,212.00,1164.00,10.00,17.00,40,Protected,N,Y,N,7,13,16,3,2,2,1,83.1,20021.00,90,12988,16,30,501,175,676,74,144.7,FullyLegal,TRUE,0,,50,185343,50,185343,3.37,24,16.2,  3 ,6114.00,0.4,1.37,7,82,  7 ,  82 ,  38 ,  34 ,  2 ,  1 ,  4 ,  21 ,D+,C,,,C,D,7.8,11.8,64.1,1792,15,28.2,4,,0.09,8360.00,21284.00,2,7.75,9.8,2.36,14,65.2,14.58,0.01,31,22,0.685,113,0.1,52.7,0.02,  2 ,2695.8,4111,0,0,36.8,58.3,8.1,0,1.4,2,572753500000.00,61805.00,12,14,772261.00,661938.00,2702913.00,57.1,41.3
31,NewMexico,NM,121365,2117522.00,772952.00,37,38330.00,2,188610.00,9.00,35261.00,2.00,1451.00,0.07,10340.00,0.49,59767.00,3.00,1010811.00,48.00,0.28,17,7.00,12.00,1040.00,4506.67,54080.00,26.00,384427.00,185641.00,15.30,0.00,834.00,662.00,735.00,896.00,1204.00,1447.00,1262.00,163384.00,105.00,13615.00,75.00,34.00,3.00,0.13,646.00,86.00,52.00,107.00,255.00,307.79,12.33,5.04,59.00,4.31,735.00,896.00,1204.00,1447.00,307.79,86.31,12.00,26.00,50.11,5.90,YES,5.13,2.71,7.83,4.31,10.20,4047.00,3151.00,2757.00,639.65,223.59,547.00,46.20,778.30,315.00,6634.00,754.00,285.00,96.00,6942.00,328.00,95.00,4.00,73.00,13.00,6.00,0.00,10.80,22.70,480.70,5.80,76.90,1.25,34.40,29.10,0,42.00,1285483.00,0.61,68916.00,230.00,38.00,7249.00,593.00,15760.00,411.00,91.00,8583.00,25657.00,7316.00,2029.00,959.00,5361.00,18.00,2.96,564.00,46.00,1226.00,32.00,7.00,668.00,1996.00,569.00,158.00,8.00,No,2518878.00,22247.00,2541125.00,1.20,23733.00,2225.00,25958.00,1226.00,3280303.00,37482.00,3317785.00,2.00,121379.00,0.00,121379.00,57.00,5944293.00,61954.00,6006247.00,103.00,137.00,10.00,46.00,79.00,8.00,398.00,4.50,3.00,14.00,9.00,8.00,8.00,39.00,784.00,8.00,24.20,516.00,4.08,21.50,1430.00,26034.00,5.49,0.68,No,Yes,Yes,Yes,No,0.67,1.67,0.52,0.38,0.62,3999.00,10.10,168.00,893.00,24.00,61.00,40,Protected,Y,Y,N,5,18,20,50,49,49,25,83.5,9582.00,86,8617,15,7,2586,781,3367,77,82.7,Mixed,TRUE,1,2115877,34,62232,35,60454,0.14,1,0.0,,2447.00,0.6,1.04,12,2,  12 ,  2 ,  26 ,  31 ,,  2 ,  12 ,  27 ,B,B,C,B,,,9.1,13.2,47.03,,,34.6,4.4,1.8,0.12,2541.00,1546.00,1,21.49,18.59,2.26,7,70.8,15.38,0.08,46,46,0.459,15,8.1,53.4,10.648,  5032 ,87735.3,3297,26.4,0,28.5,0,5,41.2,6.6,1.2,96488400000.00,45602.00,3,5,705292.00,423175.00,881615.00,54.3,43.5
32,NewYork,NY,47224,20201249.00,10598907.00,52,2759022.00,14,54908.00,0.00,1916329.00,9.00,6097.00,0.03,197107.00,0.98,720847.00,4.00,3948032.00,20.00,0.42,428,0.00,14.20,1587.00,6877.00,82524.00,39.68,777126.00,265630.00,11.60,114.00,1358.00,979.00,1058.00,1280.00,1615.00,1788.00,2114.00,240795.00,131.00,16957.00,90.00,32.00,3.00,0.21,599.00,127.00,62.00,101.00,350.00,482.87,9.98,4.80,27.00,5.23,1058.00,1280.00,1615.00,1788.00,482.87,126.87,14.20,39.68,48.50,8.82,YES,4,4.52,8.52,4.88,15.90,5784.00,4504.00,3894.00,744.52,390.16,811.00,19.90,363.80,226.00,43439.00,1009.00,162.00,81.00,78062.00,394.00,137.00,1.00,580.00,30.00,1.00,3.00,4.70,5.30,1070.70,1.50,80.70,2.80,31.70,29.00,0,124.00,3719239.00,0.18,85284.00,394.00,5.00,5305.00,998.00,22160.00,25.00,155.00,10025.00,39528.00,4082.00,1520.00,1087.00,2293.00,11.00,0.13,143.00,27.00,596.00,1.00,4.00,270.00,1063.00,110.00,41.00,75.00,Yes,617536.00,6419.00,623955.00,0.03,5347.00,4444.00,9791.00,48.00,1077744.00,16715.00,1094459.00,0.00,54578.00,368.00,54946.00,3.00,1755205.00,27946.00,1783151.00,332.00,168.00,16.00,200.00,231.00,47.00,1046.00,5.85,5.00,30.00,19.00,14.00,17.00,25.40,4965.00,18.20,8.00,1642.00,5.47,19.20,7918.00,215969.00,3.67,0.40,Yes,Yes,No,Yes,No,2.62,0.81,0.62,0.73,0.67,82966.00,20.70,361.00,7534.00,11.00,34.00,Viability,Protected,N,Y,N,8,19,8,11,27,30,6,77.9,24040.00,87,15394,16,37,931,120,1051,89,121.8,Mixed,TRUE,0,,215,92260,215,92260,2.28,21,2.2,  1 ,14110.00,0.6,5.30,7,30,  7 ,  30 ,  66 ,  9 ,  1 ,  2 ,  3 ,  20 ,A,A,A,,A,B,12.1,20.4,54.86,2625,12,29.1,4.7,2.4,0.37,74745.00,45753.00,2,13.3,13.95,2.21,11,54,9.73,0.01,12,16,0.707,85,0.6,45.4,4.387,  221 ,92897.7,9310,0,23.3,42.1,23.5,4.1,6.1,3.1,3.4,1515818900000.00,76418.00,27,29,734663.00,683997.00,5326310.00,60.9,37.7
33,NorthCarolina,NC,48718,10439388.00,6312148.00,60,2107526.00,20,100886.00,1.00,340059.00,3.00,6980.00,0.07,46340.00,0.44,406853.00,4.00,1118596.00,11.00,0.91,214,114.00,7.25,1160.00,5026.67,60320.00,29.00,506795.00,218073.00,17.60,3.00,943.00,752.00,782.00,947.00,1234.00,1487.00,1290.00,165636.00,105.00,22846.00,131.00,33.00,3.00,0.13,1063.00,138.00,62.00,70.00,299.00,341.10,15.10,5.59,34.00,4.15,782.00,947.00,1234.00,1487.00,341.10,137.87,7.25,29.00,50.17,5.25,YES,4.75,2.23,6.98,2.75,9.90,4529.00,3582.00,3103.00,747.72,205.50,555.00,45.80,419.30,306.00,33042.00,810.00,194.00,209.00,10271.00,97.00,51.00,0.00,199.00,32.00,3.00,4.00,8.60,16.00,1670.30,4.10,77.60,1.62,43.90,19.30,1,387.00,9859219.00,0.94,337746.00,1420.00,11.00,36508.00,4324.00,61076.00,1913.00,816.00,43312.00,158155.00,18779.00,5840.00,5592.00,3426.00,14.00,0.11,370.00,44.00,619.00,19.00,8.00,439.00,1604.00,190.00,59.00,29.00,Yes,4214023.00,18725.00,4232748.00,0.41,76120.00,5562.00,81682.00,782.00,6585225.00,40480.00,6625705.00,1.00,384618.00,2.00,384620.00,37.00,11259986.00,64769.00,11324755.00,648.00,387.00,18.00,192.00,228.00,26.00,1538.00,5.69,2.00,9.00,9.00,4.00,7.00,30.90,3146.00,14.90,13.20,1441.00,5.68,18.60,5320.00,100086.00,5.32,0.50,No,No,No,Yes,No,3,1.37,0.46,0.31,0.53,54391.00,28.20,487.00,3947.00,18.00,30.00,Viability,NotProtected,Y,Y,N,20,20,23,14,20,22,30,86.4,9377.00,88,9480,15,9,761,113,874,87,110.7,Mixed,NOTTRUE,1,10551162,41,257345,42,251218,0.43,6,0.6,  1 ,15737.00,0.3,0.60,15,32,  15 ,  32 ,  51 ,  26 ,,,  3 ,  20 ,B+,B+,B+,A,B,C,11.7,17.8,49.19,3375,,36,3.5,2.8,0.09,9395.00,14184.00,1,15.3,13.58,2.17,16,66.3,9.64,0.06,32,17,0.706,39,1.2,59,0.505,  48 ,10365.8,8962,7.2,5.2,47.4,30.6,8,0.6,9.1,0.6,544023200000.00,51561.00,13,15,811628.00,703411.00,3043604.00,48.6,49.9
34,NorthDakota,ND,68994,779094.00,636160.00,82,26152.00,3,37350.00,5.00,13050.00,2.00,869.00,0.11,1853.00,0.24,30248.00,4.00,33412.00,4.00,1.48,11,3.00,7.25,1131.00,4901.00,58812.00,28.28,540837.00,223203.00,17.30,0.00,748.00,685.00,706.00,879.00,1190.00,1431.00,1389.00,167883.00,117.00,23156.00,121.00,31.00,3.00,0.10,1041.00,101.00,71.00,71.00,290.00,326.66,8.53,5.01,48.50,4.11,706.00,879.00,1190.00,1431.00,326.66,101.19,7.25,28.28,46.27,2.90,YES,5,1.96,6.96,3.50,8.80,4470.00,3591.00,3163.00,769.55,370.79,631.00,55.10,329.00,228.00,1767.00,848.00,407.00,172.00,26726.00,3449.00,234.00,30.00,115.00,2.00,3.00,0.00,4.40,13.80,107.50,6.10,78.80,1.99,25.30,26.10,0,112.00,774948.00,0.99,26333.00,105.00,3.00,2983.00,579.00,4843.00,99.00,84.00,3032.00,11598.00,2085.00,191.00,731.00,3398.00,14.00,0.39,385.00,75.00,625.00,13.00,11.00,391.00,1497.00,269.00,25.00,57.00,No,3352960.00,45510.00,3398470.00,4.36,11233.00,22099.00,33332.00,4278.00,5042146.00,75652.00,5117798.00,7.00,189368.00,312.00,189680.00,243.00,8595707.00,143573.00,8739280.00,22.00,40.00,1.00,17.00,8.00,1.00,100.00,10.00,2.00,16.00,16.00,12.00,14.00,15.60,114.00,18.20,18.20,135.00,4.64,20.10,976.00,6592.00,14.81,1.26,No,No,No,No,Yes,1.27,2.46,0.73,0.53,0.87,28575.00,13.80,242.00,3587.00,16.00,56.00,20weeks,Banned,Y,Y,N,44,22,51,30,9,22,50,93.7,13758.00,93,9091,15,40,4856,1334,6190,78,88,Mixed,TRUE,1,774948,20,38747,21,36902,0.15,0,0.0,,1498.00,0.7,0.42,19,2,  19 ,  2 ,  53 ,  18 ,  1 ,  1 ,  4 ,  22 ,C+,B,,,C+,,13.8,20.7,60.02,,,35.2,2.3,3,0.08,623.00,951.00,1.25,6.32,10.1,3.16,8,61.8,15.81,0.08,6,18,0.709,0,0.0,40.4,14.541,  18764 ,210757.5,3822,52.1,3.7,3.2,0,0,40.7,9.8,2,55530300000.00,71657.00,1,3,774948.00,258316.00,581211.00,31.8,65.1
35,Ohio,OH,40953,11799448.00,8954135.00,76,1457180.00,12,18949.00,0.00,296604.00,3.00,4493.00,0.04,45217.00,0.38,501562.00,4.00,521308.00,4.00,0.23,288,0.00,10.10,1127.00,4883.67,58604.00,28.18,460129.00,197621.00,22.30,6.00,831.00,640.00,706.00,886.00,1141.00,1265.00,1269.00,125250.00,111.00,12401.00,88.00,31.00,2.00,0.15,879.00,131.00,62.00,92.00,303.00,341.48,9.32,5.07,34.50,4.03,706.00,886.00,1141.00,1265.00,341.48,130.80,10.10,28.18,48.25,4.80,YES,5.75,1.48,7.23,2.25,10.00,4395.00,3509.00,3037.00,753.60,325.86,600.00,40.00,308.80,429.00,50338.00,1530.00,312.00,273.00,12407.00,105.00,150.00,1.00,83.00,42.00,4.00,1.00,9.10,15.20,1793.50,2.90,76.90,3.92,35.60,30.00,1,596.00,10536226.00,0.89,288592.00,1012.00,18.00,27867.00,2604.00,60964.00,138.00,500.00,34274.00,131168.00,19393.00,6613.00,4041.00,2739.00,10.00,0.17,264.00,25.00,579.00,1.00,5.00,325.00,1245.00,184.00,63.00,94.00,Yes,211955.00,3699.00,215654.00,0.02,1409.00,2254.00,3663.00,31.00,630951.00,12581.00,643532.00,0.00,36209.00,25.00,36234.00,3.00,880524.00,18559.00,899083.00,466.00,326.00,15.00,211.00,159.00,18.00,1230.00,5.06,2.00,17.00,9.00,8.00,9.00,47.20,5204.00,13.80,13.80,1644.00,6.70,19.20,11623.00,113008.00,10.29,0.99,No,Yes,No,No,No,1.16,1.02,0.36,0.26,0.43,27183.00,13.50,226.00,4735.00,19.00,49.00,20weeks,NotProtected,N,Y,N,41,43,37,25,9,6,21,90.9,13027.00,90,9697,15,24,3586,1021,4607,78,92.4,Mixed,TRUE,1,11780017,75,157067,76,155000,0.93,34,4.2,  3 ,13606.00,0.9,0.78,12,33,  12 ,  33 ,  69 ,  8 ,  1 ,,  2 ,  18 ,D,F,D,,D,,10.4,17.5,48.37,312,,37.8,4,2.5,0.09,10620.00,9553.00,1,11.77,13.54,2.03,16,67.9,9.5,0.07,41,9,0.715,37,1.1,50.7,2.597,  220 ,63414.2,9542,24.5,0.5,59.6,10.3,0.8,3.5,0.7472,1.4,623479600000.00,52927.00,16,18,736251.00,654445.00,3313130.00,45.2,53.3
36,Oklahoma,OK,68679,3959353.00,2407188.00,61,283242.00,7,311890.00,8.00,89653.00,2.00,8168.00,0.21,13602.00,0.34,373679.00,9.00,471931.00,12.00,0.54,58,6.00,7.25,1016.00,4402.67,52832.00,25.40,469311.00,197397.00,24.60,6.00,811.00,633.00,661.00,838.00,1095.00,1261.00,1214.00,138752.00,111.00,19138.00,116.00,33.00,3.00,0.12,1088.00,130.00,62.00,71.00,265.00,346.66,9.80,4.55,96.00,4.07,661.00,838.00,1095.00,1261.00,346.66,129.80,7.25,25.40,51.67,5.00,YES,4.5,4.45,8.95,7.00,9.00,4006.00,3168.00,2692.00,661.42,274.69,591.00,54.70,458.60,632.00,25338.00,2395.00,480.00,511.00,4610.00,116.00,238.00,6.00,19.00,9.00,2.00,0.00,9.00,20.70,819.60,4.20,75.70,0.94,49.10,40.70,1,452.00,3965482.00,1.00,150315.00,834.00,13.00,20469.00,3102.00,22946.00,1912.00,420.00,15471.00,64803.00,15256.00,1772.00,3317.00,3791.00,21.00,0.33,516.00,78.00,579.00,48.00,11.00,390.00,1634.00,385.00,45.00,38.00,No,4208938.00,38905.00,4247843.00,1.07,35331.00,6151.00,41482.00,1048.00,5856331.00,66044.00,5922375.00,1.00,380600.00,17.00,380617.00,96.00,10481200.00,111117.00,10592317.00,198.00,254.00,8.00,63.00,85.00,12.00,652.00,4.25,6.00,12.00,10.00,7.00,9.00,19.40,762.00,21.90,21.90,869.00,5.90,21.10,4475.00,57481.00,7.79,1.12,No,No,No,No,Yes,1.15,1.14,0.45,0.35,0.51,1155.00,7.90,108.00,314.00,27.00,57.00,20weeks,Banned,N,Y,N,22,39,27,41,38,41,37,87.7,8239.00,88,8576,15,12,1812,128,1940,93,101.2,Mixed,TRUE,0,,39,102222,39,102222,0.28,4,0.3,  1 ,7057.00,0.6,0.56,18,10,  18 ,  10 ,  43 ,  12 ,  4 ,  2 ,  7 ,  31 ,C+,C+,B,C,D,,13.3,20.2,37.66,,,39.4,3.1,3.5,0.1,3959.00,4484.00,1,14.79,14.93,1.85,18,68.4,9.12,0.09,38,44,0.64,7,9.8,59.6,33.388,  8375 ,486145.7,6596,3,3.3,40.4,0,1.5,51.7,6.9,1.2,198827000000.00,49873.00,5,7,797328.00,569520.00,1395324.00,32.3,65.4
37,Oregon,OR,96003,4327256.00,3036158.00,72,78658.00,2,42042.00,1.00,191797.00,5.00,18197.00,0.43,22962.00,0.54,258685.00,6.00,588757.00,14.00,1.01,45,6.00,13.50,1253.00,5429.67,65156.00,31.33,517607.00,228006.00,17.10,2.00,1239.00,856.00,960.00,1198.00,1681.00,1977.00,1647.00,236604.00,98.00,17526.00,89.00,38.00,4.00,0.12,936.00,114.00,52.00,107.00,298.00,375.41,10.32,5.51,112.00,4.47,960.00,1198.00,1681.00,1977.00,375.41,113.91,13.50,31.33,53.39,9.90,YES,0,0.00,0.00,0.00,10.80,4843.00,3645.00,3156.00,706.03,305.81,573.00,50.80,291.90,345.00,14943.00,1932.00,376.00,344.00,2751.00,65.00,229.00,5.00,12.00,13.00,3.00,1.00,3.80,13.00,562.50,3.30,79.60,3.74,37.30,33.60,1,208.00,4093590.00,0.95,172886.00,1402.00,11.00,13278.00,2642.00,36405.00,238.00,226.00,16021.00,79546.00,19241.00,2498.00,1378.00,4223.00,34.00,0.27,324.00,65.00,889.00,6.00,6.00,391.00,1943.00,470.00,61.00,84.00,Yes,1218261.00,5587.00,1223848.00,0.28,1761.00,1080.00,2841.00,66.00,2354872.00,14791.00,2369663.00,1.00,133895.00,0.00,133895.00,31.00,3708789.00,21458.00,3730247.00,167.00,128.00,6.00,68.00,71.00,14.00,508.00,7.00,2.00,14.00,22.00,21.00,22.00,18.70,803.00,18.30,18.30,833.00,4.22,12.80,3294.00,55063.00,5.98,0.78,Yes,Yes,No,Yes,No,1,2.52,0.44,0.19,0.63,20893.00,9.50,153.00,1276.00,12.00,41.00,40,Protected,N,Y,N,24,4,5,27,27,17,35,89.8,11920.00,91,13616,20,43,1276,295,1571,81,111.4,FullyLegal,TRUE,1,4246155,195,21775,196,21664,1.02,1,0.1,,4026.00,0.8,4.62,9,4,  9 ,  4 ,  47 ,  24 ,,  1 ,  6 ,  21 ,B,F,A,B+,C+,C,14.7,22.1,43.67,1410,29,30.4,3.7,2.6,0.43,18607.00,3295.00,1,14.09,12.34,2.74,8,63.7,11.85,0.04,16,39,0.686,13,7.4,48.4,9.593,  2259 ,99924.0,5318,0,41.7,36.9,0,2.2,17.8,4.7,2.6,229880500000.00,54139.00,5,7,849231.00,606594.00,1486154.00,56.5,40.4
38,Pennsylvania,PA,44820,13002700.00,9553417.00,73,1368978.00,11,15028.00,0.00,506674.00,4.00,3162.00,0.02,54541.00,0.42,451285.00,3.00,1049615.00,8.00,0.23,290,2.00,7.25,1252.00,5425.33,65104.00,31.30,541612.00,229015.00,20.70,12.00,979.00,748.00,822.00,1018.00,1301.00,1465.00,1474.00,147148.00,113.00,20296.00,140.00,33.00,2.00,0.18,851.00,154.00,62.00,65.00,302.00,401.02,10.46,5.05,37.00,4.47,822.00,1018.00,1301.00,1465.00,401.02,154.20,7.25,31.30,50.77,3.07,YES,6,0.34,6.34,2.00,10.60,4850.00,3832.00,3277.00,733.12,313.29,649.00,40.70,389.50,355.00,45485.00,1523.00,469.00,206.00,39145.00,302.00,135.00,1.00,291.00,42.00,3.00,1.00,8.50,13.60,1768.40,2.50,78.30,0.61,37.70,27.50,1,40.00,2173050.00,0.17,75149.00,544.00,3.00,4690.00,276.00,15707.00,170.00,112.00,10492.00,31604.00,7344.00,3886.00,321.00,3458.00,25.00,0.14,216.00,13.00,723.00,8.00,5.00,483.00,1454.00,338.00,179.00,34.00,Yes,1416471.00,24377.00,1440848.00,0.11,8494.00,9347.00,17841.00,137.00,2466465.00,46671.00,2513136.00,0.00,123016.00,601.00,123617.00,10.00,4014446.00,80996.00,4095442.00,429.00,236.00,19.00,219.00,143.00,20.00,1129.00,5.61,4.00,21.00,9.00,5.00,7.00,42.40,5168.00,12.60,12.60,1694.00,5.58,18.60,9301.00,41010.00,22.68,0.72,Yes,No,No,No,No,1.18,1.57,0.52,0.35,0.59,4681.00,6.10,93.00,312.00,13.00,34.00,24weeks,Protected,N,Y,N,32,26,22,20,16,17,29,87.4,16395.00,91,11842,17,2,2975,1777,4752,63,119,Mixed,TRUE,0,,121,107141,121,107141,1.35,32,3.6,  2 ,15359.00,0.6,0.85,12,34,  12 ,  34 ,  30 ,  42 ,  1 ,  2 ,  5 ,  20 ,A,B+,A,,B+,B,12.7,20.6,50.16,140,,33.3,4.2,2.3,0.1,13003.00,19532.00,2,13.71,12.02,2.34,12,71.3,15.06,0.03,37,40,0.696,95,0.5,48.8,3.535,  273 ,78871.0,19678,5.7,1.3,58.3,31.6,0.4,2,1.3,0.6,726164600000.00,56014.00,18,20,720225.00,648203.00,3601127.00,50.1,48.8
39,RhodeIsland,RI,1034,1097379.00,754050.00,69,55386.00,5,3513.00,0.00,38367.00,4.00,320.00,0.03,11392.00,1.04,52250.00,5.00,182101.00,17.00,0.42,1061,12.00,13.00,1227.00,5317.00,63804.00,30.68,493748.00,220113.00,19.90,1.00,1069.00,1108.00,1199.00,1453.00,1798.00,2229.00,1838.00,189946.00,102.00,14611.00,112.00,47.00,3.00,0.28,585.00,164.00,60.00,110.00,294.00,390.19,11.07,5.00,45.00,4.47,1199.00,1453.00,1798.00,2229.00,390.19,164.09,13.00,30.68,65.95,5.99,YES,7,0.00,7.00,0.00,11.40,4711.00,3258.00,2704.00,604.83,244.23,541.00,14.80,230.80,156.00,1656.00,821.00,239.00,131.00,3581.00,327.00,170.00,15.00,21.00,3.00,3.00,1.00,3.00,5.10,56.00,3.20,79.50,1.04,29.90,19.30,0,47.00,1094546.00,1.00,24698.00,95.00,4.00,1542.00,495.00,6065.00,99.00,64.00,3561.00,10398.00,1635.00,278.00,462.00,2256.00,9.00,0.37,141.00,45.00,554.00,9.00,6.00,325.00,950.00,149.00,25.00,15.00,Yes,3999144.00,44571.00,4043715.00,3.68,52492.00,2775.00,55267.00,5036.00,6151650.00,79062.00,6230712.00,6.00,359724.00,769.00,360493.00,329.00,10563010.00,127177.00,10690187.00,29.00,5.00,1.00,13.00,17.00,2.00,67.00,6.50,26.00,42.00,8.00,6.00,7.00,38.20,397.00,8.50,8.50,94.00,3.96,22.10,1099.00,9331.00,11.78,1.00,Yes,Yes,No,Yes,No,1.3,1.5,0.51,0.24,0.55,8506.00,10.50,195.00,844.00,10.00,46.00,Viability,Protected,N,Y,N,21,15,9,7,38,30,17,91.5,16121.00,89,13696,20,4,317,84,401,79,134.5,Mixed,TRUE,0,,15,73041,15,73041,7.25,0,0.0,,677.00,1.6,2.27,6,65,  6 ,  65 ,  66 ,  10 ,  1 ,  2 ,  3 ,  19 ,B,B,,,B,C+,11.2,16.9,50.96,384,2,30.1,2.8,1.9,0.14,1536.00,7733.00,2,14.01,11.84,2.63,13,62.9,13.6,0.01,17,20,0.714,12,0.1,50.1,0.174,  159 ,168278.5,566,0,0,85.5,0,11.3,3.2,12.7,1.9,55447000000.00,50608.00,2,4,547805.00,273903.00,547805.00,59.4,38.6
40,SouthCarolina,SC,30111,5118425.00,3178552.00,62,1269031.00,25,16591.00,0.00,89394.00,2.00,3085.00,0.06,19354.00,0.38,189580.00,4.00,352838.00,7.00,1.02,170,1.00,7.25,1043.00,4519.67,54236.00,26.08,463976.00,202000.00,19.90,1.00,937.00,772.00,805.00,960.00,1243.00,1460.00,1227.00,165649.00,99.00,22848.00,132.00,37.00,3.00,0.14,1078.00,154.00,82.00,71.00,268.00,411.29,12.33,4.59,40.00,4.11,805.00,960.00,1243.00,1460.00,411.29,153.72,7.25,26.08,60.62,7.00,YES,6,1.46,7.46,3.00,8.90,4117.00,3157.00,2592.00,630.76,210.25,565.00,49.40,530.70,342.00,18295.00,823.00,172.00,217.00,3082.00,59.00,6.00,0.00,507.00,21.00,4.00,1.00,12.70,22.00,1126.10,6.30,76.80,1.74,41.50,17.40,1,411.00,5112587.00,1.00,191881.00,677.00,11.00,18353.00,3522.00,34272.00,774.00,269.00,20095.00,93193.00,13937.00,2516.00,4262.00,3753.00,13.00,0.22,359.00,69.00,670.00,15.00,5.00,393.00,1823.00,273.00,49.00,42.00,No,374939.00,6828.00,381767.00,0.07,1853.00,424.00,2277.00,44.00,449562.00,9371.00,458933.00,0.00,23517.00,90.00,23607.00,5.00,849871.00,16713.00,866584.00,406.00,281.00,16.00,137.00,187.00,14.00,1064.00,4.00,4.00,12.00,6.00,4.00,5.00,34.90,1739.00,16.30,16.30,868.00,6.64,27.90,3876.00,84837.00,4.57,0.75,No,No,No,No,Yes,1.93,2.11,0.54,0.21,0.66,30011.00,12.60,218.00,1777.00,22.00,46.00,20weeks,Banned,N,Y,N,23,41,37,24,38,37,36,85.3,10856.00,88,7007,12,5,1292,291,1583,82,110.8,FullyIllegal,NOTTRUE,1,5190705,47,110441,48,108140,0.80,9,1.5,  2 ,8051.00,0.5,0.45,16,27,  16 ,  27 ,  57 ,  22 ,,,  3 ,  18 ,C,C,,B,C,D,10.6,17.6,48.78,2876,111,36.1,3.1,2,0.07,3583.00,3645.00,3,11.61,13.88,2.16,13,71.3,13.06,0.00,27,3,0.691,25,1.2,62.4,0,,0.0,7611,10.9,2.9,22.8,59.7,2.5,0,2,3.5,224541700000.00,43258.00,7,9,741529.00,576745.00,1668441.00,43.4,55.1
41,SouthDakota,SD,75898,886667.00,705583.00,80,17441.00,2,74595.00,8.00,13332.00,2.00,493.00,0.06,2050.00,0.23,34432.00,4.00,38741.00,4.00,0.86,12,1.00,10.80,997.00,4320.33,51844.00,24.93,504422.00,203185.00,18.60,1.00,724.00,601.00,673.00,861.00,1143.00,1377.00,1298.00,158728.00,114.00,14697.00,80.00,35.00,3.00,0.11,1019.00,115.00,62.00,100.00,278.00,286.23,10.75,4.67,36.00,3.99,673.00,861.00,1143.00,1377.00,286.23,115.25,10.80,24.93,49.74,0.00,NO,4.5,1.90,6.40,4.50,8.40,3957.00,3096.00,2695.00,675.42,250.69,577.00,55.30,501.40,421.00,3797.00,1660.00,432.00,280.00,15466.00,1727.00,131.00,15.00,117.00,3.00,3.00,0.00,6.50,13.60,120.60,4.00,78.40,2.13,33.70,30.20,1,110.00,824054.00,0.93,21932.00,72.00,5.00,2024.00,580.00,4306.00,183.00,23.00,1732.00,10572.00,1959.00,169.00,307.00,2661.00,9.00,0.61,246.00,70.00,523.00,22.00,3.00,210.00,1283.00,238.00,21.00,83.00,No,1692051.00,75297.00,1767348.00,1.99,5109.00,11357.00,16466.00,1857.00,2545151.00,117820.00,2662971.00,3.00,114085.00,429.00,114514.00,129.00,4356396.00,204903.00,4561299.00,33.00,58.00,2.00,27.00,14.00,0.00,141.00,2.00,4.00,15.00,13.00,12.00,13.00,10.30,83.00,21.00,21.00,186.00,7.30,24.50,1196.00,4031.00,29.67,1.34,Yes,No,No,No,Yes,1.14,0.87,0.43,0.38,0.47,3101.00,14.80,292.00,461.00,19.00,71.00,20weeks,NotProtected,Y,Y,N,42,42,50,35,5,22,40,93,10073.00,92,6511,11,49,725,66,791,92,83.1,FullyIllegal,TRUE,2,447688,63,14212,65,13775,0.43,0,0.0,,1819.00,0.7,0.78,21,2,  21 ,  2 ,  73 ,  6 ,  1 ,  1 ,  3 ,  14 ,D,D+,F,,F,,12.6,18.5,58.53,,,38.4,2.3,2.5,0.16,1419.00,5724.00,1,9.08,12.25,2.37,9,71.8,13.83,0.05,13,32,0.664,2,37.9,45.2,9.322,  10411 ,122822.7,1477,5.2,23.6,0,0,0,67.4,5.3,2.7,48979000000.00,54702.00,1,3,895376.00,298459.00,671532.00,35.6,61.8
42,Tennessee,TN,41220,6910246.00,4900246.00,71,1083772.00,16,15539.00,0.00,134302.00,2.00,3594.00,0.05,23977.00,0.35,270223.00,4.00,479187.00,7.00,0.86,168,1.00,7.25,1152.00,4992.00,59904.00,28.80,492583.00,201597.00,20.80,8.00,907.00,703.00,732.00,894.00,1164.00,1337.00,1224.00,165260.00,105.00,22794.00,123.00,31.00,3.00,0.12,1183.00,148.00,50.00,71.00,306.00,346.37,9.57,4.63,29.00,4.11,732.00,894.00,1164.00,1337.00,346.37,147.64,7.25,28.80,49.12,0.00,YES,7,2.55,9.55,2.75,7.60,4613.00,3719.00,3225.00,784.57,336.95,697.00,51.60,672.70,376.00,26349.00,989.00,163.00,296.00,47887.00,687.00,29.00,0.00,1636.00,30.00,4.00,1.00,11.50,21.30,1471.90,3.70,75.60,2.03,40.00,32.50,1,437.00,6968993.00,1.01,241615.00,936.00,24.00,22517.00,4597.00,45554.00,1430.00,609.00,25247.00,112912.00,20142.00,4924.00,2723.00,3467.00,13.00,0.34,323.00,66.00,654.00,21.00,9.00,362.00,1620.00,289.00,71.00,37.00,Yes,319820.00,5181.00,325001.00,0.05,0.00,2669.00,2669.00,39.00,822483.00,14360.00,836843.00,0.00,128885.00,884.00,129769.00,19.00,1271188.00,23094.00,1294282.00,469.00,343.00,28.00,151.00,172.00,13.00,1217.00,5.00,2.00,9.00,12.00,10.00,11.00,45.60,3034.00,17.20,17.20,1220.00,6.38,26.70,6251.00,94907.00,6.59,0.90,No,No,No,No,Yes,0.9,1.12,0.37,0.27,0.44,5112.00,5.30,90.00,275.00,24.00,40.00,Viability,Banned,N,Y,N,31,24,37,34,27,30,41,86.8,9544.00,88,8732,13,34,1907,402,2309,83,115.6,FullyIllegal,NOTTRUE,1,6975218,56,124557,57,122372,0.69,7,0.8,  1 ,11542.00,0.5,0.90,17,28,  17 ,  28 ,  50 ,  23 ,  1 ,  2 ,  4 ,  18 ,C,C+,C+,C+,D,,10.2,16.7,39.21,,,35,3.4,3.2,0.15,10365.00,418.00,0.47,13.06,14.24,2.14,11,67.6,11.31,0.00,35,4,0.694,17,2.4,57.6,0.041,  6 ,994.7,6310,19.1,13.6,16.8,49.9,0.7,0,0.4568,1,351709500000.00,50423.00,9,11,775024.00,634111.00,2131317.00,37.5,60.7
43,Texas,TX,261914,29145505.00,11584597.00,40,3444712.00,12,85425.00,0.00,1561518.00,5.00,27857.00,0.10,113584.00,0.39,886095.00,3.00,11441717.00,39.00,1.49,111,8.00,7.25,1284.00,5564.00,66768.00,32.10,594313.00,237383.00,18.80,58.00,1113.00,733.00,795.00,978.00,1284.00,1493.00,1549.00,186696.00,121.00,25751.00,135.00,30.00,3.00,0.14,1094.00,158.00,62.00,66.00,313.00,286.64,10.15,4.62,51.75,4.39,795.00,978.00,1284.00,1493.00,286.64,158.19,7.25,32.10,44.57,0.00,NO,6.25,1.94,8.19,2.00,8.60,5085.00,4107.00,3663.00,834.32,360.85,792.00,45.70,446.50,513.00,154479.00,1547.00,471.00,452.00,34534.00,117.00,228.00,1.00,150.00,65.00,2.00,1.00,7.60,14.20,4138.70,3.20,78.60,0.68,34.50,35.10,1,1007.00,28865719.00,0.99,946717.00,2921.00,112.00,91628.00,18646.00,165521.00,2394.00,775.00,98477.00,452357.00,87047.00,22438.00,4401.00,3280.00,10.00,0.39,317.00,65.00,573.00,8.00,3.00,341.00,1567.00,302.00,78.00,39.00,Yes,2069406.00,46226.00,2115632.00,0.07,3013.00,26547.00,29560.00,101.00,3451227.00,81684.00,3532911.00,0.00,176264.00,1006.00,177270.00,6.00,5699910.00,155463.00,5855373.00,1209.00,1232.00,80.00,483.00,687.00,79.00,3874.00,5.66,2.00,19.00,18.00,14.00,16.00,14.10,4172.00,13.30,13.30,3924.00,5.29,34.50,18263.00,277797.00,6.57,0.62,No,No,No,Yes,Yes,0.74,1.95,0.44,0.09,0.52,497.00,3.10,41.00,74.00,24.00,49.00,6weeks,Banned,N,Y,N,4,27,32,28,27,45,34,81,9606.00,84,9324,13,41,9559,1188,10747,89,133.7,Mixed,TRUE,2,14763971,99,298262,101,292356,0.19,32,0.6,  1 ,27848.00,0.7,0.84,10,11,  10 ,  11 ,  47 ,  21 ,  2 ,  2 ,  6 ,  23 ,F,F,D,D,,D+,13.5,19.8,51.04,3359,44,36.1,4.1,1.5,0.08,23316.00,9293.00,1,11.76,13.53,2.26,28,64.8,9.99,0.18,44,30,0.649,51,5.1,64.8,100.049,  3388 ,381991.8,38117,11.1,0.3,46.3,9,4,29.3,2.4,0.8,1881751000000.00,63728.00,36,38,820221.00,777051.00,7792096.00,46.5,52.1
44,Utah,UT,82168,3271616.00,2465355.00,75,37192.00,1,28690.00,1.00,78618.00,2.00,35831.00,1.10,12566.00,0.38,120452.00,4.00,492912.00,15.00,1.70,40,58.00,7.25,1137.00,4927.00,59124.00,28.43,528864.00,217757.00,30.90,4.00,1158.00,719.00,825.00,1010.00,1358.00,1636.00,1497.00,230545.00,110.00,31799.00,139.00,36.00,4.00,0.11,775.00,84.00,62.00,66.00,280.00,282.23,11.81,5.01,0.00,4.39,825.00,1010.00,1358.00,1636.00,282.23,84.32,7.25,28.43,48.37,4.95,YES,6.1,1.09,7.19,2.95,12.10,4331.00,3321.00,2954.00,672.96,250.15,590.00,46.80,260.70,198.00,6662.00,1383.00,299.00,167.00,1492.00,45.00,758.00,23.00,2.00,8.00,2.00,1.00,2.90,13.60,444.90,1.70,79.70,2.55,36.90,19.60,1,126.00,3188815.00,0.97,107749.00,256.00,7.00,6968.00,1812.00,23747.00,82.00,309.00,12751.00,50959.00,7960.00,1038.00,1860.00,3379.00,8.00,0.22,219.00,57.00,745.00,3.00,10.00,400.00,1598.00,250.00,33.00,15.00,Yes,8000313.00,87745.00,8088058.00,2.47,17920.00,53011.00,70931.00,2168.00,13756057.00,176144.00,13932201.00,4.00,325877.00,2423.00,328300.00,100.00,22100167.00,319323.00,22419490.00,99.00,76.00,3.00,44.00,33.00,8.00,276.00,6.67,2.00,6.00,26.00,22.00,24.00,20.50,622.00,20.80,20.80,651.00,5.43,16.50,2005.00,26916.00,7.45,0.60,No,No,Yes,Yes,No,1.42,0.71,0.42,0.31,0.43,10810.00,8.20,133.00,2160.00,12.00,54.00,Viability,Banned,N,Y,N,30,25,29,36,16,6,31,90.6,7628.00,92,9945,16,44,1105,123,1228,90,111.3,Mixed,TRUE,5,667595,44,75863,49,68122,0.30,10,0.6,  3 ,5557.00,0.4,0.65,17,7,  17 ,  7 ,  13 ,  5 ,  55 ,,  4 ,  22 ,C+,D,B,B,,,14.8,22.8,67.84,,,30.9,2,3.3,0.11,3599.00,65044.00,2,5.34,8.88,1.35,16,72.2,12.6,0.03,45,36,0.517,15,5.5,48.6,0.826,  247 ,10052.6,2839,51.6,1.2,34.2,0,10.4,2.5,37.9,2.3,186132100000.00,55762.00,4,6,834494.00,556329.00,1251741.00,37.6,58.1
45,Vermont,VT,9249,643077.00,573201.00,89,8649.00,1,1986.00,0.00,11457.00,2.00,170.00,0.03,2561.00,0.40,29549.00,5.00,15504.00,2.00,0.27,70,3.00,13.18,1135.00,4918.33,59020.00,28.38,451765.00,206007.00,10.40,0.00,1007.00,871.00,948.00,1169.00,1499.00,1646.00,1594.00,151884.00,106.00,11524.00,89.00,41.00,3.00,0.20,567.00,116.00,45.00,109.00,259.00,497.41,9.21,4.80,40.75,4.59,948.00,1169.00,1499.00,1646.00,497.41,115.55,13.18,28.38,63.48,8.75,YES,6,0.24,6.24,1.00,13.60,4249.00,3080.00,2467.00,537.58,267.91,514.00,50.50,173.40,183.00,1137.00,1737.00,,239.00,12448.00,1928.00,151.00,23.00,82.00,2.00,3.00,0.00,0.00,11.60,74.60,2.90,79.80,5.45,33.60,,0,88.00,645570.00,1.00,13817.00,43.00,0.00,1129.00,179.00,3249.00,59.00,17.00,1455.00,7006.00,450.00,65.00,165.00,2140.00,7.00,0.00,175.00,28.00,503.00,9.00,3.00,225.00,1085.00,70.00,10.00,58.00,Yes,891867.00,10856.00,902723.00,1.40,2381.00,4040.00,6421.00,998.00,1425394.00,21142.00,1446536.00,2.00,123410.00,514.00,123924.00,193.00,2443052.00,36552.00,2479604.00,27.00,10.00,1.00,10.00,8.00,1.00,62.00,4.50,2.00,7.00,13.00,12.00,13.00,32.90,190.00,13.50,18.10,117.00,5.76,0.10,725.00,4428.00,16.37,1.12,Yes,Yes,No,Yes,No,0.83,1.34,0.47,0.43,0.6,53277.00,9.10,139.00,1164.00,8.00,45.00,40,Protected,N,Y,N,48,2,1,12,5,4,2,93.4,9340.00,93,12813,21,39,2131,638,2769,77,89.6,FullyLegal,TRUE,0,,58,11131,58,11131,3.14,0,0.0,,854.00,0.8,3.24,13,9,  13 ,  9 ,  30 ,  22 ,,  1 ,  8 ,  37 ,C+,B,,,,,9.5,12.9,55.59,,,29,2.1,2.6,0.43,2765.00,5579.00,2,10.73,10.54,3.06,0,73.1,11.79,0.12,4,45,0.717,12,0.8,42.9,0.338,  524 ,36544.5,176,0,50.6,0,0,14.2,17,3.2,2.2,30130000000.00,46672.00,1,3,645570.00,215190.00,484178.00,66.1,30.7
46,Virginia,VA,39598,8631393.00,5058363.00,59,1578090.00,18,19080.00,0.00,610612.00,7.00,6195.00,0.07,45394.00,0.53,404910.00,5.00,908749.00,11.00,0.76,218,0.00,12.00,1014.00,4394.00,52728.00,25.35,584784.00,270360.00,18.10,10.00,1269.00,901.00,939.00,1116.00,1468.00,1739.00,1767.00,245054.00,120.00,20421.00,93.00,44.00,5.00,0.15,1094.00,161.00,71.00,94.00,305.00,298.01,9.74,5.02,76.00,4.67,939.00,1116.00,1468.00,1739.00,298.01,161.26,12.00,25.35,63.64,5.75,YES,5.3,0.43,5.73,0.70,12.50,3845.00,2729.00,2269.00,485.97,233.01,452.00,44.60,208.00,418.00,36091.00,1246.00,135.00,287.00,8501.00,98.00,98.00,1.00,87.00,32.00,4.00,8.00,6.40,13.40,1156.60,2.90,79.10,2.28,31.30,22.10,1,411.00,8640726.00,1.00,221013.00,647.00,30.00,10464.00,3489.00,47560.00,1569.00,814.00,36400.00,104537.00,11248.00,2929.00,1326.00,2558.00,7.00,0.35,121.00,40.00,550.00,18.00,9.00,421.00,1210.00,130.00,34.00,26.00,Yes,189922.00,3485.00,193407.00,0.02,629.00,757.00,1386.00,16.00,377111.00,7351.00,384462.00,0.00,28942.00,0.00,28942.00,3.00,596604.00,11593.00,608197.00,324.00,253.00,24.00,101.00,111.00,7.00,850.00,5.91,1.00,13.00,6.00,3.00,4.00,26.60,2240.00,18.10,13.50,1202.00,0.00,20.00,2661.00,49292.00,5.40,0.31,No,No,No,No,Yes,1.33,1.26,0.48,0.29,0.53,2923.00,4.30,60.00,164.00,14.00,33.00,3rdtrimester,NotProtected,Y,Y,N,14,35,32,22,5,30,14,88,12216.00,90,14063,19,11,309,83,392,79,139.6,FullyLegal,TRUE,1,8642274,37,233575,38,227428,0.48,22,2.8,  3 ,10088.00,0.3,0.68,12,25,  12 ,  25 ,  58 ,  12 ,  2 ,  1 ,  6 ,  20 ,B,B+,,,B,C+,12.4,15.7,56.27,3315,5,34.2,2.6,2.1,0.08,6905.00,383.00,0.61,8.22,10.02,2.13,10,66.5,16.74,0.07,10,13,0.687,31,1.3,55.1,0.05,  6 ,1262.7,7383,3.9,1.5,53.3,33.7,4.4,0.1,0.2955,1,500941300000.00,57964.00,11,13,785661.00,664790.00,2553399.00,54.1,44
47,Washington,WA,66582,7705281.00,4918820.00,64,296170.00,4,91191.00,1.00,723062.00,9.00,62490.00,0.81,43221.00,0.56,511114.00,7.00,1059213.00,14.00,1.37,116,10.00,15.74,1316.00,5702.67,68432.00,32.90,685128.00,283574.00,20.30,12.00,1401.00,905.00,1016.00,1265.00,1744.00,2056.00,1826.00,278851.00,105.00,17716.00,80.00,38.00,4.00,0.11,984.00,106.00,62.00,124.00,360.00,402.08,8.53,5.51,30.00,4.67,1016.00,1265.00,1744.00,2056.00,402.08,106.27,15.74,32.90,53.46,0.00,NO,6.5,2.73,9.23,4.00,10.70,5092.00,3827.00,3319.00,710.73,389.11,602.00,42.10,293.70,243.00,19184.00,1195.00,287.00,222.00,3707.00,48.00,13.00,0.00,284.00,22.00,3.00,1.00,4.20,10.90,839.90,2.40,80.00,6.90,42.60,28.30,0,248.00,7700987.00,1.00,357551.00,1587.00,11.00,39475.00,3560.00,77062.00,140.00,718.00,24008.00,164309.00,35326.00,5680.00,5675.00,4643.00,21.00,0.14,513.00,46.00,1001.00,2.00,9.00,312.00,2134.00,459.00,74.00,15.00,Yes,3014609.00,42645.00,3057254.00,0.40,8016.00,27447.00,35463.00,460.00,4257801.00,71493.00,4329294.00,1.00,183717.00,724.00,184441.00,24.00,7464143.00,142309.00,7606452.00,202.00,131.00,1.00,91.00,97.00,11.00,560.00,5.73,5.00,23.00,8.00,8.00,8.00,22.00,1733.00,15.20,15.20,1212.00,4.51,13.80,5205.00,49174.00,10.58,0.67,No,No,No,Yes,No,1.18,1.11,0.4,0.34,0.47,1203.00,10.60,213.00,211.00,13.00,42.00,Viability,Protected,Y,Y,N,16,3,4,26,9,10,22,90.2,12995.00,91,14554,17,47,2536,504,3040,83,124.34,FullyLegal,TRUE,3,2579564,212,36503,215,35994,1.61,0,0.0,,6114.00,0.9,4.16,8,9,  8 ,  9 ,  40 ,  17 ,  3 ,  3 ,  6 ,  32 ,B+,D,B,A,B,C,10.2,15.5,55.6,3026,2,28.8,3.7,2.8,0.33,25427.00,14869.00,2,10.75,9.95,2.22,9,62.4,13.95,0.05,23,23,0.714,51,1.3,48.3,9.508,  1229 ,142801.4,8582,5,58.4,14.6,9,0.6,11,53,11.2,582097200000.00,75219.00,10,12,773869.00,644891.00,2321608.00,58,38.8
48,WestVirginia,WV,24087,1793716.00,1598834.00,89,64749.00,4,3187.00,0.00,14903.00,1.00,429.00,0.02,4652.00,0.26,72135.00,4.00,34827.00,2.00,0.32,74,12.00,8.75,1569.00,6799.00,81588.00,39.23,350212.00,171135.00,21.80,0.00,723.00,621.00,659.00,810.00,1070.00,1214.00,1023.00,112912.00,96.00,12904.00,93.00,21.00,1.00,0.14,1066.00,151.00,62.00,87.00,261.00,427.19,11.07,4.92,75.00,4.03,659.00,810.00,1070.00,1214.00,427.19,151.37,8.75,39.23,36.40,6.50,YES,6,0.50,6.50,1.00,9.80,6133.00,5323.00,4744.00,1177.21,428.56,964.00,58.50,355.90,387.00,6800.00,1337.00,155.00,348.00,5091.00,286.00,127.00,7.00,40.00,3.00,2.00,0.00,7.00,18.10,324.70,4.00,74.50,1.95,33.60,41.20,0,247.00,1575083.00,0.88,30705.00,237.00,4.00,3344.00,663.00,5807.00,101.00,13.00,2615.00,15198.00,1797.00,198.00,728.00,1949.00,15.00,0.25,212.00,42.00,369.00,6.00,1.00,166.00,965.00,114.00,13.00,74.00,No,2735895.00,64475.00,2800370.00,1.56,5773.00,18399.00,24172.00,1348.00,4105801.00,105610.00,4211411.00,2.00,221448.00,0.00,221448.00,123.00,7068917.00,188484.00,7257401.00,77.00,100.00,8.00,38.00,18.00,2.00,267.00,6.50,8.00,12.00,13.00,9.00,11.00,81.40,1330.00,14.50,19.40,354.00,5.94,12.90,4950.00,53476.00,9.26,2.78,No,No,No,No,No,1.09,2.01,0.41,0.26,0.56,15381.00,9.10,153.00,920.00,25.00,43.00,20weeks,Banned,N,Y,Y,50,38,35,19,47,45,49,86.6,11334.00,87,8736,16,10,2276,724,3000,76,60.7,Mixed,TRUE,1,1782959,45,39621,46,38760,0.95,1,0.2,  1 ,4413.00,1.1,0.33,25,18,  25 ,  18 ,  70 ,  6 ,  2 ,,  3 ,  18 ,C,C,,,D+,,9.7,16.6,33.42,,,40.6,3.9,2,0.08,1435.00,24103.00,3,5.26,17.66,3.77,11,78.8,20.51,0.10,5,48,0.697,9,2.7,51.8,1.624,  911 ,67422.3,3972,86,3.4,3.9,0,0.1,6.4,12.6,2.9,72854100000.00,40861.00,3,5,594320.00,356592.00,742900.00,29.7,68.6
49,Wisconsin,WI,54314,5893718.00,4634018.00,79,366508.00,6,48384.00,1.00,174267.00,3.00,1892.00,0.03,17613.00,0.30,203746.00,3.00,447290.00,8.00,0.36,109,4.00,7.25,1013.00,4389.67,52676.00,25.33,475584.00,204669.00,19.60,8.00,872.00,657.00,729.00,929.00,1204.00,1343.00,1418.00,143979.00,118.00,19859.00,128.00,37.00,3.00,0.16,690.00,113.00,62.00,69.00,287.00,385.97,9.80,4.88,51.50,4.19,729.00,929.00,1204.00,1343.00,385.97,112.75,7.25,25.33,55.94,7.65,YES,5,0.43,5.43,1.75,10.90,3911.00,2982.00,2483.00,592.71,253.42,509.00,45.30,323.40,376.00,22039.00,2742.00,475.00,230.00,17537.00,297.00,226.00,4.00,78.00,15.00,3.00,2.00,6.10,12.20,719.00,3.30,79.30,0.80,32.40,23.00,0,323.00,5423821.00,0.92,131390.00,474.00,0.00,9298.00,2005.00,25830.00,540.00,275.00,15565.00,57234.00,15950.00,2648.00,1571.00,2422.00,9.00,0.00,171.00,37.00,476.00,10.00,5.00,287.00,1055.00,294.00,49.00,46.00,Yes,497785.00,10878.00,508663.00,0.09,224.00,2931.00,3155.00,54.00,1077315.00,24700.00,1102015.00,0.00,42609.00,920.00,43529.00,7.00,1617933.00,39429.00,1657362.00,221.00,178.00,4.00,116.00,50.00,12.00,614.00,5.67,6.00,29.00,9.00,6.00,8.00,27.70,1531.00,19.40,14.50,866.00,7.33,13.70,4559.00,35075.00,13.00,0.77,No,Yes,No,Yes,No,0.68,1.18,0.36,0.22,0.4,17207.00,11.70,197.00,891.00,13.00,51.00,20weeks,Banned,N,Y,N,40,33,23,32,4,6,39,92.7,12285.00,92,12567,20,13,725,101,826,88,85.1,Mixed,NOTTRUE,0,,76,77578,76,77578,0.70,5,0.5,  1 ,6078.00,0.8,0.78,10,11,  10 ,  11 ,  44 ,  25 ,,  2 ,  4 ,  25 ,B,B,C,,C+,,11.7,18.5,54.32,820,,33.9,3.1,3.1,0.08,4715.00,349.00,0.19,10.49,10.89,1.74,12,70.1,7.76,0.04,20,24,0.716,37,1.5,43.1,1.615,  274 ,29734.5,4694,26.8,3.5,44.5,17.1,2,4.2,0.527,0.7,306733000000.00,52025.00,8,10,736989.00,589591.00,1842471.00,49.5,48.8
50,Wyoming,WY,97105,576851.00,469664.00,81,4735.00,1,11781.00,2.00,5037.00,1.00,489.00,0.08,2425.00,0.42,23674.00,4.00,59046.00,10.00,0.23,6,8.00,7.25,1097.00,4753.67,57044.00,27.43,578298.00,212937.00,34.60,5.00,800.00,690.00,713.00,901.00,1223.00,1502.00,1428.00,191545.00,117.00,26420.00,124.00,33.00,3.00,0.11,867.00,92.00,62.00,67.00,263.00,345.62,10.38,4.70,30.00,4.35,713.00,901.00,1223.00,1502.00,345.62,92.08,7.25,27.43,48.41,0.00,NO,4,1.33,5.33,2.00,7.50,4397.00,3496.00,3058.00,703.09,294.65,651.00,66.20,234.20,426.00,2479.00,1337.00,525.00,381.00,12825.00,2216.00,79.00,14.00,162.00,0.00,0.00,0.00,4.90,25.90,149.40,7.60,77.70,0.72,35.80,35.80,1,47.00,450309.00,0.78,10750.00,52.00,1.00,1056.00,174.00,2577.00,9.00,60.00,896.00,5005.00,851.00,47.00,22.00,2387.00,12.00,0.22,235.00,39.00,572.00,2.00,13.00,199.00,1111.00,189.00,10.00,29.00,No,1873334.00,28163.00,1901497.00,3.30,14893.00,48.00,14941.00,2590.00,3368180.00,55343.00,3423523.00,6.00,275880.00,430.00,276310.00,479.00,5532287.00,83984.00,5616271.00,27.00,61.00,7.00,19.00,6.00,1.00,127.00,4.00,2.00,13.00,6.00,6.00,6.00,17.40,99.00,30.50,30.50,182.00,5.22,26.30,1027.00,5093.00,20.16,1.77,No,No,No,No,No,1.75,0.99,0.29,0.17,0.34,1436.00,4.50,77.00,160.00,19.00,56.00,Viability,Banned,N,Y,Y,38,48,43,43,9,13,47,91.1,16224.00,93,10647,18,18,368,30,398,92,69.9,FullyIllegal,NOTTRUE,2,289402,31,18671,33,17539,0.17,0,0.0,,948.00,1.1,0.67,16,1,  16 ,  1 ,  43 ,  14 ,  9 ,  4 ,  3 ,  26 ,D,C,D,D,,,12.7,19.2,49.26,,,32,3.1,3.8,0.11,635.00,3341.00,1,4.39,10.69,2.93,8,71.1,10.59,0.03,18,43,0.571,2,48.6,42,8.449,  14597 ,87008.9,3300,61.6,1.6,5,0,0.4,30.2,2.3,0.8,36979400000.00,63889.00,1,3,578803.00,192934.00,434102.00,26.6,69.9